,ds,yhat,yhat_lower,yhat_upper
0,2017-09-01,548.0942941645332,68.51348162380886,1033.4381083242822
1,2017-09-02,551.0587855526118,26.284768945066986,1009.7739439645824
2,2017-09-03,552.8877495432198,35.52840078946034,1032.706842448626
3,2017-09-04,554.1812286079123,45.94561534976542,1024.0650106926048
4,2017-09-05,555.3166519467178,62.98642890309042,1050.0552983043974
5,2017-09-06,555.7505640679918,67.52285095288478,1095.7326687423301
6,2017-09-07,556.7726575336508,69.83609563146365,1028.6974049606688
7,2017-09-08,554.6534998062244,76.03441092239575,1104.6790113430989
8,2017-09-09,556.9932738801815,104.31217447956875,1030.470478052713
9,2017-09-10,558.185752914231,43.46778032475352,1054.3135455681584
10,2017-09-11,558.8507299687287,22.496627471333717,1026.1055543417008
11,2017-09-12,559.3852239384227,76.2936245104621,1036.4893381093138
12,2017-09-13,559.2646183860882,60.909945028216214,1025.8008262689755
13,2017-09-14,559.7961267963361,50.77677573630143,1031.5763023538425
14,2017-09-15,557.2659905161588,46.13083614853291,1048.5027963036848
15,2017-09-16,559.2877441976043,67.03447154347931,1041.552216590577
16,2017-09-17,560.2657824708632,77.19890955344351,1074.9981368152523
17,2017-09-18,560.827460466011,65.32937562553062,1091.134016541888
18,2017-09-19,561.3740584753822,104.81653903835011,1061.5229373586278
19,2017-09-20,561.3817741033926,40.684574583969194,1008.6125289487949
20,2017-09-21,562.1551393318784,30.978922104704612,1046.2743525168978
21,2017-09-22,559.9742698501178,75.34964597698364,1087.9599446688048
22,2017-09-23,562.4432797099238,70.07854275885047,1058.0871937739028
23,2017-09-24,563.9540905099005,83.05972517644632,1053.0193490131514
24,2017-09-25,565.1188605822041,114.55550940126055,1061.6452560587643
25,2017-09-26,566.3213549289673,57.66697347382828,1024.7633702397638
26,2017-09-27,567.0184075988125,74.20540166515741,1069.2883742598774
27,2017-09-28,568.493860509906,72.74748231128311,1042.9122148727206
28,2017-09-29,567.0063712753056,97.78317707245817,1092.148604494846
29,2017-09-30,570.1384073561384,74.3731622563175,1077.3172605010507
30,2017-10-01,572.2606395232889,76.00665990124034,1057.325684796213
31,2017-10-03,575.616317189106,103.82528477468765,1035.2447476250013
32,2017-10-04,576.6548427900331,93.55584228700646,1038.9508566969776
33,2017-10-05,578.3500767408615,77.7324520662857,1063.3859559554965
34,2017-10-06,576.9492352850243,90.02946898139783,1057.8307563567942
35,2017-10-07,580.0264908612751,91.0491378464499,1072.362367581024
36,2017-10-08,581.9475818898861,82.7157173524269,1023.6477637379844
37,2017-10-09,583.3029403133957,94.5608591528059,1031.6026926736363
38,2017-10-10,584.4596391424842,98.63900294170807,1067.1956568498895
39,2017-10-11,584.8632967112694,109.40500318816106,1082.1633779340202
40,2017-10-12,585.7923105624213,96.18596028548733,1082.8422128110233
41,2017-10-13,583.5058066083346,92.590737264283,1088.2690545481864
42,2017-10-14,585.5926183143358,97.68721080932255,1073.4914209759786
43,2017-10-15,586.435510665471,71.3750220154735,1042.9606078911136
44,2017-10-16,586.6438641875219,104.94651675749195,1089.2379106574351
45,2017-10-17,586.6051340525731,116.7995988130458,1066.5900379264858
46,2017-10-18,585.7862348436519,99.6241683779882,1036.8111514222721
47,2017-10-19,585.4872384552455,65.09489267974983,1074.1014991902307
48,2017-10-20,581.9887855964381,76.66369430101278,1047.126153212406
49,2017-10-21,582.9005403050394,67.28364916153096,1098.5641160044806
50,2017-10-22,582.6249163241008,108.37201755521797,1084.797320330064
51,2017-10-23,581.7893037369583,109.95204684638321,1079.105985729474
52,2017-10-24,580.7971226922355,128.84131452573078,1073.112834421385
53,2017-10-25,579.1288649534845,87.25918326807684,1081.9709162293661
54,2017-10-26,578.095519003215,98.94034629360638,1065.1153060949189
55,2017-10-27,573.9857853068748,73.60054882873287,1087.5493938816255
56,2017-10-28,574.4144150260333,72.9804098548722,1061.6753943885801
57,2017-10-29,573.7859025785283,95.87391757249614,1116.892252789658
58,2017-10-30,572.7267596461002,83.33222427559927,1100.0340492398357
59,2017-10-31,571.6366943825012,80.21416484972572,1124.1316101020384
60,2017-11-01,569.9898513218178,72.5494842234979,1026.2367609749547
61,2017-11-02,569.0885005100968,82.70398048129826,1054.8149790016162
62,2017-11-03,565.2105735294955,63.97173653115357,1013.268578348567
63,2017-11-04,565.9583693244339,84.29736224598606,1028.2949950095433
64,2017-11-05,565.7226486419404,85.19696629064991,1037.6732585766304
65,2017-11-06,565.1153328678798,82.80859976897469,1076.195344599169
66,2017-11-07,564.5211174692779,117.49969890975139,1039.6628428808376
67,2017-11-08,563.3991437533729,72.51559925371684,1071.8218532989617
68,2017-11-09,563.0371046994298,77.10164093544918,1024.303946440414
69,2017-11-10,559.6991710030334,60.993830931522396,1069.710322179682
70,2017-11-11,560.975049657775,76.82842471907028,1047.826199597883
71,2017-11-12,561.2443847161768,50.0624481560136,1022.894805662475
72,2017-11-13,561.1097078828349,80.69172063750626,1064.231162481189
73,2017-11-14,560.9482441218893,47.73057444652465,1068.5524778423608
74,2017-11-15,560.213711100349,88.8445459420339,1062.3886201311343
75,2017-11-16,560.1904866584354,96.1380948460635,1104.3733901147373
76,2017-11-17,557.1415303648308,75.70574067188105,1030.2941952855044
77,2017-11-18,558.6573734648772,15.700627797360317,1030.8578628033208
78,2017-11-19,559.1203907236359,89.12059541062409,1057.3709737886825
79,2017-11-20,559.1375674021916,80.26150085511743,1068.2445800984408
80,2017-11-21,559.0920736563728,97.28957946632904,1011.6211691832581
81,2017-11-22,558.4447935640726,50.7286731200947,1009.5383400038406
82,2017-11-23,558.4881923547671,51.91463082211242,1062.5887655833983
83,2017-11-24,555.4939179742411,54.338149058482415,1030.0473093739754
84,2017-11-25,557.0614617394004,88.3113233825607,1034.0086795748323
85,2017-11-26,557.5821020770996,53.040875384678095,1040.0035009457981
86,2017-11-27,557.6713547993052,45.92628249391693,1036.5406372573127
87,2017-11-28,557.7202518313227,80.85001543375652,1017.822525510863
88,2017-11-29,557.1966043549521,45.49791843109061,1040.3902633082064
89,2017-11-30,557.3986415696488,72.51156866221004,1046.1619080006724
90,2017-12-01,554.6024274939246,91.67575471524208,1058.188858574883
91,2017-12-02,556.4103853406632,100.30461688701826,1020.1484782167411
92,2017-12-03,557.2151566087535,59.625917139427536,1030.884929944538
93,2017-12-04,557.6320197946484,65.24333429890129,1046.6340900084788
94,2017-12-05,558.0501903812478,49.45687896507497,1073.0353367587516
95,2017-12-06,557.9341561369034,88.49158059367038,1042.6629057186697
96,2017-12-07,558.5774354085286,47.51647317152183,1033.582643156241
97,2017-12-08,556.2501559519062,43.03799949070511,1045.372423313937
98,2017-12-09,558.5477775093985,81.32608971232287,1037.6051543087606
99,2017-12-10,559.8551781770976,11.388256256267592,1055.0971445841603
100,2017-12-11,560.7793213907667,75.6578288429502,1063.3361004025103
101,2017-12-12,561.7008166793785,70.2197719138687,1039.9024507528225
102,2017-12-13,562.0755194694462,85.22187784327296,1035.5578029015069
103,2017-12-14,563.1885489462625,87.29336026504798,1055.195868103222
104,2017-12-15,561.3021130994733,70.22598069124355,1037.4810401557722
105,2017-12-16,564.0044565437707,58.10434850369394,1075.0081344031946
106,2017-12-17,565.6741441290906,79.8171792725585,1026.3968871822638
107,2017-12-18,566.9128913922674,59.52144000905905,1046.1637581151444
108,2017-12-19,568.0972503781669,68.75800407441395,1072.1587913079115
109,2017-12-20,568.6802928712789,64.72857737382321,1055.5750538110794
110,2017-12-21,569.9456682531219,114.70096138398567,1074.491314339141
111,2017-12-22,568.1554248113074,109.87184825290424,1076.8406908371685
112,2017-12-23,570.8989112669169,73.89589115313002,1034.3493532365912
113,2017-12-24,572.556974127636,124.68662640342737,1088.7652405207718
114,2017-12-25,573.7346658225883,80.29138706346984,1058.1547335376042
115,2017-12-26,574.8127772135879,108.17200463071109,1051.5870056306615
116,2017-12-27,575.2493425673001,103.30034098991764,1089.0149314818611
117,2017-12-28,576.3335010081516,81.61244653856588,1049.9797102263822
118,2017-12-29,574.3331106031653,133.82332220962113,1047.7363903717364
119,2017-12-30,576.8434394369244,75.06114797902937,1063.160747692449
120,2017-12-31,578.2511568793321,82.3121433089696,1053.4817945041773
121,2018-01-01,579.166847340974,61.03017917699789,1005.3000796624385
122,2018-01-02,579.9763669428638,94.3032737240584,1072.3277950472893
123,2018-01-03,580.1421972788603,76.47117148345771,1067.4002037698924
124,2018-01-04,580.9571854401613,82.5610411214457,1065.0301565181896
125,2018-01-05,578.6920704859746,52.67847893652238,1067.4256819412976
126,2018-01-06,580.9441234994948,59.80892061658755,1080.4424804505404
127,2018-01-07,582.1011258543118,106.41328714638459,1059.82645558165
128,2018-01-08,582.7739081121815,97.17873256700597,1086.6647655785898
129,2018-01-09,583.3477684834132,96.73855754541536,1076.555559018213
130,2018-01-10,583.2839225039818,105.5170952573356,1064.107886285521
131,2018-01-11,583.8733690949487,92.58709158740537,1055.4957243869053
132,2018-01-12,581.3845681681101,73.24793086672237,1069.5761294211902
133,2018-01-13,583.4122509459726,135.40777338456735,1110.1464451020095
134,2018-01-14,584.3415809370072,118.92766132767757,1052.7680388267513
135,2018-01-15,584.7808807132245,104.47543091638119,1054.038968710166
136,2018-01-16,585.1132361347292,68.87667891615679,1067.9760731767942
137,2018-01-17,584.7981220910314,71.69034161715496,1073.0977471635958
138,2018-01-18,585.1254278483726,56.03990355265315,1056.7551253248907
139,2018-01-19,582.3632705252764,73.04081267876641,1059.6708332990147
140,2018-01-20,584.106912003505,123.9879745371969,1087.38630050352
141,2018-01-21,584.7429923330454,125.06006215644345,1083.3687532098895
142,2018-01-22,584.8822910568914,73.80027423999415,1027.6833985977564
143,2018-01-23,584.9113256844059,110.24673010404462,1063.2934421543655
144,2018-01-24,584.2939303751501,105.45973652065707,1034.6154393485913
145,2018-01-25,584.3251933783421,76.41448616452881,1124.916431580054
146,2018-01-26,581.2791436771811,107.66628612615375,1062.3193857665883
147,2018-01-27,582.7575055017262,89.47489325827799,1063.135893551723
148,2018-01-28,583.153738464824,111.5443276243881,1070.2139327576824
149,2018-01-29,583.0855806456927,105.91883035029913,1093.9383320790257
150,2018-01-30,582.9464107743796,76.5598311121361,1066.3107723502908
151,2018-01-31,582.2065803134227,91.35354533660146,1028.0338511245109
152,2018-02-01,582.1671022827038,108.49546503059067,1064.5182738880167
153,2018-02-02,579.1070958758386,87.8657921212211,1056.1552582178176
154,2018-02-03,580.6323141483579,87.07212171469443,1081.143656761766
155,2018-02-04,581.1389808797843,95.25796712898389,1061.0394167340623
156,2018-02-05,581.2461617302116,71.22572163007052,1056.585073754068
157,2018-02-06,581.3469928196678,125.88611393412086,1069.2614368908417
158,2018-02-07,580.9099234340459,111.69958233825457,1064.7277241867819
159,2018-02-08,581.2323642744384,63.70240706250577,1069.8983031393948
160,2018-02-09,578.588143710633,96.91104293814581,1073.12392777283
161,2018-02-10,580.576100366899,123.6688063592592,1066.244252847691
162,2018-02-11,581.5840385222604,66.79084703479957,1068.3605550433044
163,2018-02-12,582.221269340335,78.8593800472269,1055.9197582065335
164,2018-02-13,582.870057555877,68.82655480387508,1054.529291628369
165,2018-02-14,582.9871251419737,106.6880172946922,1042.050141729388
166,2018-02-15,583.8575967457627,98.59667856249058,1080.467739094219
167,2018-02-16,581.7427810947486,57.76271410197766,1080.5366925503827
168,2018-02-17,584.2291081055677,118.0413579405861,1069.3578955412897
169,2018-02-18,585.6924377198866,80.72292012467095,1048.3700919390121
170,2018-02-19,586.7309532392991,138.8276842186594,1063.0009157235536
171,2018-02-20,587.7169480006415,98.18699383817062,1079.8764384277636
172,2018-02-21,588.0986462722266,77.93004096337164,1033.7444610250375
173,2018-02-22,589.1544329364242,104.39517346218433,1029.4248079296865
174,2018-02-23,587.1408766835683,84.54700628630142,1068.5705949468472
175,2018-02-24,589.6418580232715,81.10287273488863,1068.1632573319391
176,2018-02-25,591.0330110440254,105.50195295464935,1078.7782251783474
177,2018-02-26,591.9146861748135,121.1595295790762,1084.4089384451652
178,2018-02-27,592.6637390487319,65.69032647669373,1041.9611619934683
179,2018-02-28,592.7352845343851,126.21415436637677,1054.6790098646477
180,2018-03-01,593.4167907065287,72.07175177408739,1077.222440928819
181,2018-03-02,590.9758997427889,64.50774143789167,1062.743935191734
182,2018-03-03,593.009291342993,118.4314175253083,1077.1857158694083
183,2018-03-04,593.9068038328428,118.36733677950686,1095.6314993846192
184,2018-03-05,594.2840282280674,86.25179188600592,1110.2172634455178
185,2018-03-06,594.5336899690217,115.00184425570681,1089.528803701463
186,2018-03-07,594.1269683320916,133.17635634800953,1068.817295912049
187,2018-03-08,594.3671402623204,113.86061558780249,1124.2685637245136
188,2018-03-09,591.5369482821656,66.4922356965506,1119.7604127003558
189,2018-03-10,593.2470210759958,105.96863266583752,1079.413336040884
190,2018-03-11,593.899574856613,119.48779518323147,1107.146101931444
191,2018-03-12,594.1206233980054,124.52734426584782,1048.9719183200953
192,2018-03-13,594.3110230298124,103.90134381774547,1085.921171368038
193,2018-03-14,593.9475133221379,84.3512659247164,1121.2604379740253
194,2018-03-15,594.3361492179506,91.60387773380889,1104.1118183055046
195,2018-03-16,591.7595315922372,69.85675881043363,1089.0095653227622
196,2018-03-17,593.8251701267018,95.7087869225146,1115.679679435192
197,2018-03-18,594.9292097044788,114.51455145226892,1101.9146516255732
198,2018-03-19,595.6887488884012,125.89827814441048,1080.2982136238159
199,2018-03-20,596.4930752905876,120.80753958607117,1112.4254174370421
200,2018-03-21,596.8049744027693,69.9600150512468,1072.5834113809758
201,2018-03-22,597.9145014106714,119.36744505146059,1071.2937126261634
202,2018-03-23,596.0866145022628,119.97209901950984,1060.5491500411572
203,2018-03-24,598.9099931708574,127.58572032734999,1089.9016001764671
204,2018-03-25,600.7612606691695,102.41910135349605,1067.3297351013152
205,2018-03-26,602.2378257932497,101.45867888643981,1074.3017809515122
206,2018-03-27,603.7096544510247,134.38205364081125,1072.3194460745412
207,2018-03-28,604.6211126633169,96.03386213229223,1081.0222910780994
208,2018-03-29,606.2452554522467,114.85708924592889,1103.9332540366838
209,2018-03-30,604.8319453428018,84.87113296989351,1106.449444970622
210,2018-03-31,607.9571099067324,124.10930696851753,1137.4104984793296
211,2018-04-01,609.9873445574193,111.2380547232879,1093.3754070266755
212,2018-04-02,611.5130643368625,114.9877091660817,1131.540636586597
213,2018-04-03,612.9005055662101,142.92548283578108,1070.5811550808585
214,2018-04-04,613.5937115753587,139.38892491716518,1131.6870654258812
215,2018-04-05,614.8688719219197,120.20354338675575,1109.5418047175017
216,2018-04-06,612.9823963396663,100.697842609925,1101.9327729837844
217,2018-04-07,615.5200330178059,136.6059768532515,1123.0441579636097
218,2018-04-08,616.8612402736951,130.33938133911786,1129.5980226702402
219,2018-04-09,617.6120208425252,149.1102462170438,1086.0903079354823
220,2018-04-10,618.1565276372879,126.64713026301277,1109.6665710272375
221,2018-04-11,617.9585854732378,158.6601777058499,1084.1998877753706
222,2018-04-12,618.3155104318516,134.26170969819452,1150.437209854598
223,2018-04-13,615.505622313118,129.07513468707128,1114.357455008249
224,2018-04-14,617.136774678807,132.73199366226592,1123.1752554507914
225,2018-04-15,617.6101281685161,147.37032491095013,1085.3036833251533
226,2018-04-16,617.5523927462323,138.73545924821724,1031.8992874379037
227,2018-04-17,617.3668643805847,105.2130067877833,1099.779792427209
228,2018-04-18,616.5344167549652,144.44701424169003,1094.9036590800192
229,2018-04-19,616.3668448575065,126.19391873140361,1111.3744174401884
230,2018-04-20,613.1539694190785,150.3513878184102,1117.534012066438
231,2018-04-21,614.5118390331003,97.28630390046702,1114.4698633020425
232,2018-04-22,614.8462649788584,139.93918091061985,1105.8955352901103
233,2018-04-23,614.7849219097602,98.9437465511435,1083.4297577419586
234,2018-04-24,614.7283444804768,113.17812107263082,1103.827272214347
235,2018-04-25,614.1509822854734,76.42650127462048,1088.7893235762533
236,2018-04-26,614.3547088273037,120.76918577355848,1090.3775363212399
237,2018-04-27,611.6161894539149,89.8744217524598,1090.0642064420576
238,2018-04-28,613.5354382663038,130.94190693597707,1070.2056605895716
239,2018-04-29,614.4997895562301,103.21317172062527,1114.0118110699855
240,2018-04-30,615.1165050948134,104.67985854190432,1101.811597940442
241,2018-05-01,615.7643334469187,147.05731581383446,1129.1740044584017
242,2018-05-02,615.8951681080086,115.99094337133549,1084.4867766303319
243,2018-05-03,616.7881833608192,116.2845968055761,1072.3119194249384
244,2018-05-04,614.6978351960059,142.92512879992978,1101.261478665971
245,2018-05-05,617.203039423839,107.2486616317684,1126.5403245007897
246,2018-05-06,618.6717348911625,141.9546471393165,1087.499945300949
247,2018-05-07,619.6940362109865,136.48669813737678,1080.6177643664296
248,2018-05-08,620.6342764848565,116.41301009697987,1086.819491055245
249,2018-05-09,620.9330727932528,154.99281830338506,1169.0812379336555
250,2018-05-10,621.8617814131828,155.16237770067863,1132.7076393121033
251,2018-05-11,619.6707206052122,90.92682761417154,1091.2800017382156
252,2018-05-12,621.9384663172556,87.95844628678603,1116.6520376504845
253,2018-05-13,623.0364248718173,123.66343124395353,1110.6296200532502
254,2018-05-14,623.5618860787815,171.95861157531968,1105.0136127938906
255,2018-05-15,623.8898604541004,149.26353907703574,1154.8091374749272
256,2018-05-16,623.4748369132211,125.95316039785553,1152.3362904671117
257,2018-05-17,623.6048379594502,131.32002366278005,1128.02620448226
258,2018-05-18,620.5491603112529,151.31338434595406,1123.6913793245383
259,2018-05-19,621.9071198872787,124.66808704366619,1100.3458812863187
260,2018-05-20,622.072020647634,125.97453780673061,1099.170165719859
261,2018-05-21,621.663567954253,136.78718478720967,1093.3674044193328
262,2018-05-22,621.0790474225896,96.27393034160626,1086.5138865831682
263,2018-05-23,619.7944262113255,150.1493060108822,1118.198443548789
264,2018-05-24,619.1177708942253,110.06409065317689,1117.05242382419
265,2018-05-25,615.3363891995778,89.31651062507076,1119.2509082823692
266,2018-05-26,616.0650318417981,143.51013286991423,1140.5579866752591
267,2018-05-27,615.7093899530548,97.47823705811363,1066.283574228684
268,2018-05-28,614.8981228485877,124.98644633550312,1157.7130418201682
269,2018-05-29,614.033748818756,127.3317459960861,1092.2555865869592
270,2018-05-30,612.5935649176441,118.98212776276893,1123.619857888265
271,2018-05-31,611.8829959450418,116.93623696718296,1158.6735351137727
272,2018-06-01,608.1827827990203,108.49501813967534,1077.9232025492527
273,2018-06-02,609.0973460529436,135.29715892803085,1091.5720439455588
274,2018-06-03,609.0185566212402,129.37738335001308,1102.1335107176865
275,2018-06-04,608.5581414139414,109.34410810818578,1076.6029025926139
276,2018-06-05,608.0990468222427,112.58635732141965,1106.133199030491
277,2018-06-06,607.0969133965888,130.08907666730562,1086.8566517698457
278,2018-06-07,606.8340468862098,130.7018283337593,1117.8925559084526
279,2018-06-08,603.5672787792297,110.47045123005726,1103.4948605930504
280,2018-06-09,604.8770336155663,126.20993827862029,1089.1246662360593
281,2018-06-10,605.1318153254607,103.70224530592347,1114.8940736062373
282,2018-06-11,604.9213203971706,162.76703226746275,1112.8058817008368
283,2018-06-12,604.6084806957474,115.17695377053928,1126.5824808336442
284,2018-06-13,603.631569911841,123.0186689115124,1051.1314890665803
285,2018-06-14,603.2587406083211,79.90896641884157,1074.5518876799583
286,2018-06-15,599.7363685246876,111.21399035867539,1135.7426482286094
287,2018-06-16,600.6385070494073,82.357903730846,1089.4788163917701
288,2018-06-17,600.331652406758,118.7953081702223,1085.5674798507687
289,2018-06-18,599.4080185257883,118.63652618424004,1082.0980820336151
290,2018-06-19,598.2376187849121,134.7311051634198,1078.1799819086948
291,2018-06-20,596.2702863384691,83.74687625743088,1057.1125614407622
292,2018-06-21,594.7900011631058,94.4483162649326,1082.3632247136316
293,2018-06-22,590.0629050560551,81.06517427162811,1077.286751918102
294,2018-06-23,589.6863154349993,100.74752164473234,1074.6240548383967
295,2018-06-24,588.0529494619627,51.983744964068144,1079.4114752663352
296,2018-06-25,585.7835713078337,97.56985065319991,1075.53554411162
297,2018-06-26,583.2783760262319,108.12803692217223,1035.3513059795005
298,2018-06-27,580.0182600311791,102.53784864796242,1083.384074804561
299,2018-06-28,577.3183661169029,74.51505877004703,1083.2202762229474
300,2018-06-29,571.4753050257448,80.00797809391527,1080.3013067746185
301,2018-06-30,570.1153855925775,74.18196863022465,1049.5076989419965
302,2018-07-01,567.6580859921103,66.16691621307642,1056.5537404117722
303,2018-07-02,564.7479991568497,109.65118457249793,1076.8279528814903
304,2018-07-03,561.8055847773275,22.518439129253697,1059.4130203742452
305,2018-07-04,558.3278949899814,46.174508664066934,1046.2976611238728
306,2018-07-05,555.6416765000226,46.8090003969373,983.9646767498539
307,2018-07-06,550.0502632416487,74.44698715713959,1066.558296423002
308,2018-07-07,549.181600654783,31.60947195955653,993.3761877207584
309,2018-07-08,547.4516398579461,33.3033154853246,1055.8498271011017
310,2018-07-09,545.4963370823467,30.455480723452006,1029.2435948678815
311,2018-07-10,543.7225895543315,49.25301344971063,1039.7454368722426
312,2018-07-11,541.609270219204,58.21267132567023,1009.3076445898153
313,2018-07-12,540.4607559810763,54.4809412055841,1023.9467973255224
314,2018-07-13,536.554352350737,51.75963044525186,1022.6125564300958
315,2018-07-14,537.4889415391464,40.79668853941871,1051.6792368182034
316,2018-07-15,537.6490757900225,49.80553830351779,1054.7629312138079
317,2018-07-16,537.6377327362825,39.620055553921915,992.4104816992085
318,2018-07-17,537.8280445083511,38.86303723320997,1018.8085680394006
319,2018-07-18,537.6651410717735,58.949387367660606,1039.6984392745012
320,2018-07-19,538.420482209483,11.56516122651741,1015.0306915175465
321,2018-07-20,536.3400594773486,53.9075914102819,1042.6670961952714
322,2018-07-21,538.9937750015538,45.69370764616735,989.1404403648297
323,2018-07-22,540.7401999787868,68.89649864611467,1019.1705281145829
324,2018-07-23,542.159912681999,20.029599286689805,1022.5134991975431
325,2018-07-24,543.6077124203314,63.87376258830966,1004.5256723841892
326,2018-07-25,544.5148388716779,58.88319403501642,1046.1477263907386
327,2018-07-26,546.1435611427997,68.45115124422219,1036.9155007283916
328,2018-07-27,544.7355125977149,82.0463549678803,1053.1962449688895
329,2018-07-28,547.861075826154,73.48352772987518,1037.4668921887312
330,2018-07-29,549.8840216632102,75.48025250462896,1048.319621072279
331,2018-07-30,551.394606511938,58.455853039340504,1047.1821641527595
332,2018-07-31,552.7614321234491,76.08151977175562,1045.5768077037185
333,2018-08-01,553.4332079852412,79.93578903740128,1039.596536059436
334,2018-08-02,554.6927941170371,76.79379542252738,1050.139173897603
335,2018-08-03,552.8049160841952,91.51780362374387,1050.2819130390046
336,2018-08-04,555.3648742440432,80.71277765479364,1055.0779460960082
337,2018-08-05,556.7624701547019,61.632670740274335,1042.72074344528
338,2018-08-06,557.6143742556451,89.54871404258333,1030.1232604551926
339,2018-08-07,558.3152591155249,38.65136747983903,1040.6811218856021
340,2018-08-08,558.3388582618426,51.55307097235556,1055.7469313520894
341,2018-08-09,558.9913474292398,61.4925664548215,1076.5445531560863
342,2018-08-10,556.5584577240551,52.742783091419774,1043.3644160627205
343,2018-08-11,558.6536585767604,68.21084774020589,1064.9910767360636
344,2018-08-12,559.6816470081842,44.234870164618535,1085.2171619243734
345,2018-08-13,560.2703782939464,55.74369750685451,1015.8091662529421
346,2018-08-14,560.8219703901364,52.82419356220564,1089.8339457741176
347,2018-08-15,560.8136470924093,79.84422972371559,1085.1566474148858
348,2018-08-16,561.5511184987569,20.692873684581603,1048.0084815017694
349,2018-08-17,559.3158068215306,76.7518932038107,1034.3833267559924
350,2018-08-18,561.7132504268149,88.63712696098358,1046.6725640597278
351,2018-08-19,563.1369155237393,83.4772427728745,1076.776401799251
352,2018-08-20,564.2006394950371,85.97400401241346,1025.1008787494725
353,2018-08-21,565.2900255896118,65.95919581665697,1036.4877884876025
354,2018-08-22,565.8639388709007,89.54863570040543,1043.583565798991
355,2018-08-23,567.208485342958,93.258115367605,1072.716234386318
356,2018-08-24,565.5848644452136,32.4936946614281,1003.5871602853897
357,2018-08-25,568.5784096717092,62.08242664707627,1048.923564241827
358,2018-08-26,570.563027602312,84.29330017793099,1044.31625705669
359,2018-08-27,572.1342418387812,62.450648784463226,1044.077783868029
360,2018-08-28,573.6611440947177,73.77249167451097,1069.0422210996985
361,2018-08-29,574.5883866424584,87.31555662366863,1045.635468126191
362,2018-08-30,576.1905841430788,91.87261515744876,1051.7272108974867
363,2018-09-01,577.7583466304847,56.9306885665366,1024.218016066832
364,2018-09-02,579.6763323996911,104.78844387356094,1044.8339402401489
365,2018-09-03,581.071777071294,82.6332858088028,1090.0583881495477
366,2018-09-04,582.3189789743241,73.60780674237598,1079.7612995966601
367,2018-09-05,582.8710420058404,97.11951095766291,1040.8230423149512
368,2018-09-06,584.014012353178,124.1889070947943,1081.177115823417
369,2018-09-07,582.0147151977177,117.13896006487532,1082.847250512531
370,2018-09-08,584.4696078655463,77.76117931165152,1072.0397366321065
371,2018-09-09,585.7688663675718,62.51514235676336,1051.8495378026792
372,2018-09-10,586.5289231951551,121.06217488703828,1090.7293808535524
373,2018-09-11,587.1437743530812,91.39358497313117,1076.3618130973007
374,2018-09-12,587.0862094433528,86.19766663604292,1092.203798510554
375,2018-09-13,587.6613557258719,114.03466380545761,1078.9868943642573
376,2018-09-14,585.1539401992528,105.64635311923276,1035.7544205379697
377,2018-09-15,587.1766027256766,121.82434410717661,1111.711936576332
378,2018-09-16,588.1334926160393,90.51790507950585,1101.3560718684741
379,2018-09-17,588.6523804956106,95.30857769305842,1066.0111571483926
380,2018-09-18,589.1356155150215,111.98365827658725,1074.8762406103306
381,2018-09-19,589.0610913392857,94.43005389963946,1044.6586627633637
382,2018-09-20,589.7356195144737,115.12480273823594,1088.4211560573094
383,2018-09-21,587.442118486231,105.61928029464339,1070.1898817487622
384,2018-09-22,589.787953273915,99.86193871778303,1114.900883884594
385,2018-09-23,591.1686571302411,95.1887854540407,1086.1382818930038
386,2018-09-24,592.2002631642112,90.91897721585589,1082.1503446517045
387,2018-09-25,593.2705694468159,125.17556784965397,1066.3135810453816
388,2018-09-26,593.8404922495645,115.21242267304534,1086.513585902059
389,2018-09-27,595.1978944835663,105.26059691509306,1090.2857894023928
390,2018-09-28,593.6052849706467,110.46072386266964,1076.5410423304165
391,2018-09-29,596.6487088744303,132.1583291066188,1113.8854121770596
392,2018-09-30,598.7020451171098,141.8696187911816,1059.087919254084
393,2018-10-01,600.3599226152395,107.95208776192257,1090.2109364696291
394,2018-10-02,601.9895625684435,99.71732968297314,1066.1535410587642
395,2018-10-03,603.0326854870258,92.06901218049528,1094.9713124302737
396,2018-10-04,604.7598548328833,94.68277168906361,1091.5561850275574
397,2018-10-05,603.4186389063318,138.0211761116524,1079.591629851537
398,2018-10-06,606.5828988880095,111.98512938942415,1073.0089498861698
399,2018-10-07,608.6174083606626,119.40830460272693,1097.50615769095
400,2018-10-08,610.1110078403563,131.80342315438364,1119.7940962529194
401,2018-10-09,611.4285956591394,143.34239976750064,1127.3524679460734
402,2018-10-10,612.0130905487989,106.2918686938641,1126.572471972842
403,2018-10-11,613.1397370886449,138.5565342129917,1092.47403634179
404,2018-10-12,611.0641375574152,128.39207230685645,1094.6132010734605
405,2018-10-13,613.371322544122,158.6597637785574,1110.990605478276
406,2018-10-14,614.440072474053,104.19518109585707,1116.9218691616775
407,2018-10-15,614.8757025779181,112.79012913114165,1087.9888983576566
408,2018-10-16,615.0616235330285,128.99325257603874,1113.6661342465109
409,2018-10-17,614.4608255723213,140.85009809169017,1091.2623101651097
410,2018-10-18,614.3696708591575,154.17529072135102,1120.585664475247
411,2018-10-19,611.0653920917124,119.10463666496108,1157.3421335438602
412,2018-10-20,612.1546245224705,109.63122345226967,1086.4586874791887
413,2018-10-21,612.0371981088957,135.23208762684698,1088.2044891008181
414,2018-10-22,611.3384169567883,132.47693631585992,1102.1386012955186
415,2018-10-23,610.4601513243035,70.57297335283953,1057.799139830078
416,2018-10-24,608.8819023274617,121.12266342279756,1085.8862412710855
417,2018-10-25,607.91423470632,127.62803293679713,1097.8571352336853
418,2018-10-26,603.8459843672235,104.28449345459266,1065.4032989421746
419,2018-10-27,604.2925745336362,93.42464295175814,1111.445138482597
420,2018-10-28,603.6596718583191,121.65943381088076,1092.5844952471764
421,2018-10-29,602.5754114289872,182.47612727933583,1113.755645836199
422,2018-10-30,601.4415160849916,97.05793759170334,1097.0605909466367
423,2018-10-31,599.7344674876205,102.41048734564939,1094.9877446317028
424,2018-11-01,598.7591196283696,133.11041199230658,1096.856291865573
425,2018-11-02,594.7961547563141,76.01140233624837,1078.9191368298189
426,2018-11-03,595.4507070280632,86.17555556057357,1106.218065671154
427,2018-11-04,595.1163751847336,96.7060068905948,1094.5034425359802
428,2018-11-05,594.4078419383604,95.13568019023057,1054.8664874982653
429,2018-11-06,593.7124133803452,88.65372727535231,1068.251504466616
430,2018-11-07,592.4916232615581,118.54121844298598,1065.3646131525961
431,2018-11-08,592.0352801224798,145.3023055620533,1061.339146547059
432,2018-11-09,588.6093448088926,71.13896238013463,1107.0084148668545
433,2018-11-10,589.8049518499206,96.49582983351773,1048.3925357217215
434,2018-11-11,590.0027851310998,82.88325128022102,1081.369754132447
435,2018-11-12,589.8060159294234,102.9368698863422,1094.1045030866894
436,2018-11-13,589.5921085234163,122.96316545208367,1053.4556419606392
437,2018-11-14,588.8146318551513,96.6369784615676,1110.3564634734794
438,2018-11-15,588.7574507318988,110.41386763795582,1101.831601217116
439,2018-11-16,585.6826815917774,82.63961030999289,1102.3677409523161
440,2018-11-17,587.17972581471,97.52862691558643,1083.7015073574787
441,2018-11-18,587.6295925073334,98.7258157753842,1074.1201422305426
442,2018-11-19,587.6377222319378,105.6405311037778,1089.3553238273353
443,2018-11-20,587.5856220637166,96.6489158554576,1057.728424072918
444,2018-11-21,586.9324563594174,117.65778516668621,1063.2344718469951
445,2018-11-22,586.968979024796,102.86907393928296,1116.7889821235556
446,2018-11-23,583.9651930471044,121.28378672667218,1059.8226896798185
447,2018-11-24,585.5190686243718,100.12846440162463,1082.9013123843006
448,2018-11-25,586.0205379952282,108.78382247035154,1067.9580294389618
449,2018-11-26,586.0839897924533,94.29133194954235,1073.048798640841
450,2018-11-27,586.0995836177433,110.31409150835516,1072.7723182050609
451,2018-11-28,585.534539864631,82.68476079020577,1071.3020017568417
452,2018-11-29,585.6867953661982,64.68550851370075,1069.3660152436435
453,2018-11-30,582.8324269857427,94.08820294047703,1081.118277480962
454,2018-12-01,584.5741727051053,141.82586233351213,1050.5716124523144
455,2018-12-02,585.3052776936281,75.65310509971236,1070.9926123375328
456,2018-12-03,585.641890903445,88.43798450646608,1039.573916778584
457,2018-12-04,585.9743347675372,76.97626728503806,1092.8770810613912
458,2018-12-05,585.7684031939934,100.06136515305538,1071.6769548420373
459,2018-12-06,586.3190769150298,87.71067835503561,1105.7992134587537
460,2018-12-07,583.8980551851893,106.20509165391054,1105.7782709516537
461,2018-12-08,586.1024287842815,109.9751600539926,1066.295456253428
462,2018-12-09,587.3187159058695,71.62905831012003,1051.2421211035385
463,2018-12-10,588.1554794847076,103.10299561433634,1062.3718736338276
464,2018-12-11,588.9948406999877,88.40377944956685,1076.0988083252544
465,2018-12-12,589.2940354279594,143.5686132797294,1085.1542791944985
466,2018-12-13,590.3393939829949,118.43239019151083,1098.513618599796
467,2018-12-14,588.394134409577,89.17868950714313,1035.696691409627
468,2018-12-15,591.0472858184902,102.94904125468969,1099.1269106504822
469,2018-12-16,592.6779554260444,94.2382330432314,1092.1759100431482
470,2018-12-17,593.8881507168828,101.45220022477741,1074.0204855188465
471,2018-12-18,595.0544653431427,87.5092608412455,1073.6619575070451
472,2018-12-19,595.6297706033984,131.26238159334537,1091.7702700235693
473,2018-12-20,596.8972892466625,93.19020432838263,1060.8506393739408
474,2018-12-21,595.1184397049358,96.99173246896875,1072.6574380024351
475,2018-12-22,597.8817665231563,97.48384949341332,1078.726262216269
476,2018-12-23,599.5671717042675,100.12385302863977,1093.8517222916425
477,2018-12-24,600.7786601396595,146.34565978858987,1085.9866522008956
478,2018-12-25,601.8959118237568,99.25023462117142,1078.0417436587775
479,2018-12-26,602.3758272393884,128.05521738159644,1107.3848140659934
480,2018-12-27,603.5064285276442,153.13979203986366,1084.9921109878496
481,2018-12-28,601.5545111814769,95.7137704148578,1114.046875775314
482,2018-12-29,604.1143693003373,95.46365896511819,1114.6666559016785
483,2018-12-30,605.5718164243181,127.00597339568318,1094.3357022179373
484,2018-12-31,606.5367232341944,128.97221734436786,1109.3336693935637
485,2019-01-01,607.3943917459195,124.93015303972885,1114.1258715239642
486,2019-01-02,607.6069196161233,106.57959996659088,1106.6354266131805
487,2019-01-03,608.4669434213675,128.1447027281315,1142.405071743198
488,2019-01-04,606.2451610537352,105.94055304913499,1105.4319157161442
489,2019-01-05,608.5389605961858,116.68750218469403,1092.8450583485103
490,2019-01-06,609.736380800494,146.80300990553332,1112.2596070576476
491,2019-01-07,610.448626234049,115.00392605367573,1110.3436818468306
492,2019-01-08,611.0614571215332,154.77765463675962,1085.6197550030104
493,2019-01-09,611.0366065025104,105.06065475810823,1088.5978147309838
494,2019-01-10,611.6656112157895,152.87085853198278,1118.379966633275
495,2019-01-11,609.2174532274082,116.06214223978046,1087.4969343478003
496,2019-01-12,611.2873338925366,121.84791624221279,1115.0920546702093
497,2019-01-13,612.2608005185847,120.33532316092939,1088.5614055239073
498,2019-01-14,612.7464417573598,156.96735137703686,1125.3975251105753
499,2019-01-15,613.1274647574606,135.02681954908587,1113.054356831049
500,2019-01-16,612.8632992930186,131.94103416038095,1113.09936178335
501,2019-01-17,613.2436079230928,110.49880142105397,1119.9075298459502
502,2019-01-18,610.5360914515762,71.73681419161433,1104.1268613226252
503,2019-01-19,612.3354054967135,111.78172472849589,1089.601995408378
504,2019-01-20,613.0274014642108,154.37910760245842,1131.5781156757641
505,2019-01-21,613.2219033065008,128.91588340825422,1113.8700091934863
506,2019-01-22,613.3043289724731,103.28696804849811,1133.5343773001841
507,2019-01-23,612.7372989572447,91.31534977552735,1069.5342253379931
508,2019-01-24,612.8146099053059,153.05702017107606,1116.5186771091744
509,2019-01-25,609.8089620918947,93.37894624875172,1114.546775492618
510,2019-01-26,611.3207586853459,142.06122055456137,1093.4208620093543
511,2019-01-27,611.7421928239554,69.6195915484413,1097.5728984256555
512,2019-01-28,611.689838315158,103.87786735447331,1113.3268603556107
513,2019-01-29,611.5560584746105,144.39105098772296,1111.3661772571375
514,2019-01-30,610.810382254735,129.36101595370553,1116.7596243419166
515,2019-01-31,610.7532329038344,84.55160238323344,1098.5288703709164
516,2019-02-01,607.6634066964251,135.65921645444485,1093.2423599425244
517,2019-02-02,609.1466276557545,117.87186679830717,1118.0185750355747
518,2019-02-03,609.5994032071549,97.01835797942842,1080.3022723977406
519,2019-02-04,609.6414049585161,95.24725500704334,1096.0549576235512
520,2019-02-05,609.6666970852143,108.2575648596327,1093.5025111946102
521,2019-02-06,609.1449686736504,126.21065728465072,1062.3121953203756
522,2019-02-07,609.3751614603385,90.96245175312194,1114.261580234809
523,2019-02-08,606.6328954690275,131.19482369914593,1121.782899318238
524,2019-02-09,608.5190220048257,68.68651387165988,1130.9865942781064
525,2019-02-10,609.4235309117404,154.29988811821764,1098.4490191850632
526,2019-02-11,609.958036587397,79.72109781576992,1112.585597886258
527,2019-02-12,610.5071638121065,140.68519922444995,1050.5709860107436
528,2019-02-13,610.5299866148914,102.69369137867507,1109.69892328041
529,2019-02-14,611.3139068306356,93.71322164544617,1079.1959526499609
530,2019-02-15,609.1223685311862,77.2417703783291,1127.8988942434685
531,2019-02-16,611.5437300974098,135.6818618048897,1104.705131604258
532,2019-02-17,612.9555119852863,126.59589250782415,1112.2086341069707
533,2019-02-18,613.9572349158843,127.48359010242541,1112.6402543991585
534,2019-02-19,614.9221591576772,106.54543498311354,1094.0468707494026
535,2019-02-20,615.2990674173509,147.41220831644748,1072.7483172693644
536,2019-02-21,616.3664672964269,137.15800119109443,1118.9951459697616
537,2019-02-22,614.3805991377075,177.31901438395903,1129.3068837416342
538,2019-02-23,616.9245556933017,151.9742512098767,1145.8529459024337
539,2019-02-24,618.3727511634903,150.84933437716498,1099.0181343663862
540,2019-02-25,619.3238904603974,125.50465620931082,1111.7375592703463
541,2019-02-26,620.1527998568248,135.01741047571403,1124.4975353966247
542,2019-02-27,620.3122291224555,131.80152809290374,1108.2627529125775
543,2019-02-28,621.0870044395842,141.7049805317377,1081.3291705859779
544,2019-03-01,618.7419176176725,141.42935649731578,1113.6639885622026
545,2019-03-02,620.8706654289881,124.98869633585562,1083.1285006676408
546,2019-03-03,621.8600521912687,154.74059270282083,1138.723084588663
547,2019-03-04,622.3226686337069,90.61011579905784,1126.851551888729
548,2019-03-05,622.6483593732977,138.2493397866194,1097.1217962136893
549,2019-03-06,622.3056265514396,142.63567300687936,1120.4493331293177
550,2019-03-07,622.595353914717,122.00193338001576,1117.8382171037974
551,2019-03-08,619.7982486045248,153.57609715298793,1157.444432896501
552,2019-03-09,621.5233270048342,109.83595027897078,1098.3431143621497
553,2019-03-10,622.1716707286321,146.43926842290443,1110.374527859609
554,2019-03-11,622.3686787851431,153.3046743960137,1117.692339410287
555,2019-03-12,622.5151409313174,135.62131196674622,1101.3674986206006
556,2019-03-13,622.0882917250857,172.27364038949676,1114.206161452121
557,2019-03-14,622.3952404608362,104.54447021580198,1127.5469465430633
558,2019-03-15,619.7201837393769,126.96265180131022,1097.1492870088714
559,2019-03-16,621.672734799981,96.08965262829868,1098.5847724378057
560,2019-03-17,622.6516015092344,170.0445233375656,1141.0282822781644
561,2019-03-18,623.2768426977807,150.6429205303446,1128.1184371863628
562,2019-03-19,623.9410291920946,95.78853829378865,1089.6248208940162
563,2019-03-20,624.1104680224697,110.24051459308443,1158.5673026166774
564,2019-03-21,625.0788815651638,152.54623419105712,1101.4012333032713
565,2019-03-22,623.1149426257497,106.48989639966001,1090.314571683278
566,2019-03-23,625.8109916561098,128.48501635278993,1124.8815232832635
567,2019-03-24,627.5471580716677,124.10224181199384,1133.2237465708438
568,2019-03-25,628.9241036983332,140.05977364316414,1097.0173558380695
569,2019-03-26,630.3147016128032,125.21782734867674,1114.1759791384252
570,2019-03-27,631.1657937183134,147.15039908202476,1110.772448655024
571,2019-03-28,632.7524089535823,115.54199563633878,1091.9968235137328
572,2019-03-29,631.3258181540774,134.12629779924467,1129.3447732403279
573,2019-03-30,634.4627467783804,189.21277181615193,1140.3066843214178
574,2019-03-31,636.5299482188847,185.94750065462128,1155.5442575306272
575,2019-04-01,638.1173434521015,114.19491229186713,1117.8209339680425
576,2019-04-02,639.5900284427346,125.87327929580265,1113.178142564337
577,2019-04-03,640.3902835586867,164.07786098506733,1139.9963860694597
578,2019-04-04,641.7919539417738,181.37562067301664,1165.3706624458757
579,2019-04-05,640.0485811091136,125.08128277065897,1130.588350195055
580,2019-04-06,642.7425939443456,165.75446288294137,1089.7200646522842
581,2019-04-07,644.249766258486,137.6756162514039,1141.28473946672
582,2019-04-08,645.1721478695126,153.0034312294392,1147.3319900707463
583,2019-04-09,645.8897754493719,150.8978422999576,1110.8444532256203
584,2019-04-10,645.8623047686808,145.93653292988822,1153.3671473692048
585,2019-04-11,646.3829430112689,163.20572258039263,1135.6324887861533
586,2019-04-12,643.7260732614753,161.06488653016424,1114.273084755787
587,2019-04-13,645.4958929351558,155.0845082405163,1123.160647265097
588,2019-04-14,646.0902883596539,159.34844693799934,1119.471889109919
589,2019-04-15,646.1331684757901,124.44513044228538,1166.0637817090271
590,2019-04-16,646.0255804866539,143.53747567185644,1129.4885076640992
591,2019-04-17,645.246765744295,142.80700790415494,1130.0183792405142
592,2019-04-18,645.1075508192756,161.20773534942884,1110.8609808379251
593,2019-04-19,641.8974812738126,184.11852115508654,1151.9582241618898
594,2019-04-20,643.2330340271151,160.9142079582811,1128.4493338915238
595,2019-04-21,643.5211429225016,191.09127552815718,1139.1144967201114
596,2019-04-22,643.391270794588,128.63201288015574,1111.6194302533909
597,2019-04-23,643.2463587960142,170.9935499517245,1159.3143867319486
598,2019-04-24,642.5638165756203,167.8786380793752,1133.4397103509045
599,2019-04-25,642.6489507480446,142.69003974723643,1108.5526118102612
600,2019-04-26,639.7822387731746,194.05647442091976,1147.729902153173
601,2019-04-27,641.5677808239859,127.64594953766608,1097.1979709920483
602,2019-04-28,642.397158320658,187.2037697347774,1169.7126464956837
603,2019-04-29,642.8819225379118,172.83699711244736,1130.1256687485916
604,2019-04-30,643.4050349040103,155.1986306439398,1118.8519919391163
605,2019-05-01,643.4224070329858,149.71356041038987,1109.9629404589496
606,2019-05-02,644.2169238009142,132.26939221687755,1126.5228808816205
607,2019-05-03,642.0463398188795,131.48488372613798,1144.4937458379698
608,2019-05-04,644.4923644338048,132.49207064199211,1146.7683096109185
609,2019-05-05,645.9251458701195,167.55453043918254,1122.0960498610718
610,2019-05-06,646.9363612349822,158.53838946389104,1142.1519494576294
611,2019-05-07,647.8912147301562,171.41149182516614,1170.2912347987788
612,2019-05-08,648.2304782010016,138.07479847324902,1157.081148104312
613,2019-05-09,649.2249417869779,183.99986846174937,1114.4302265160286
614,2019-05-10,647.1236527451042,174.55486555019405,1126.2447567444772
615,2019-05-11,649.503247436937,155.6511966786685,1146.1828021662268
616,2019-05-12,650.732579608992,144.58253662367343,1180.3647257629232
617,2019-05-13,651.405847093442,126.29010368348577,1142.1979308105201
618,2019-05-14,651.8945177121619,127.5481899853974,1145.353287985708
619,2019-05-15,651.649190053471,155.07319740154253,1142.9598792965696
620,2019-05-16,651.9537614990983,176.67289544458407,1170.0563818117125
621,2019-05-17,649.0732891472911,169.17480161192512,1130.9330319640114
622,2019-05-18,650.6028589608821,194.19588269465513,1101.4070092107056
623,2019-05-19,650.9316790946607,155.541504210946,1112.6053732353585
624,2019-05-20,650.6756144892863,150.498967118564,1111.37360301616
625,2019-05-21,650.2284801980388,127.21205840655412,1125.6804460554733
626,2019-05-22,649.0632470575594,190.6787383052994,1138.3983167060712
627,2019-05-23,648.4855507769847,143.43226445193173,1127.1721522444395
628,2019-05-24,644.7809090162417,163.4704679611792,1098.459981157222
629,2019-05-25,645.5629803975366,164.864355448965,1138.0745024141258
630,2019-05-26,645.237099179005,188.90589254167887,1150.930529954096
631,2019-05-27,644.4323191006815,198.61896082311162,1128.779451899971
632,2019-05-28,643.5522984654552,171.2319475530193,1110.178518198981
633,2019-05-29,642.0761915403796,133.1107269118785,1128.2225026261785
634,2019-05-30,641.3119514257662,120.62437101715533,1117.1145012089598
635,2019-05-31,637.5434470856972,171.06709856784832,1114.9298135374095
636,2019-06-01,638.3787408727078,179.46099817936317,1100.7987398673013
637,2019-06-02,638.213756378227,163.28769343670524,1136.3734255108254
638,2019-06-03,637.6645681587494,174.27402609214317,1160.3471157900194
639,2019-06-04,637.1186393517655,155.38126802760976,1131.8950327370703
640,2019-06-05,636.0361640183502,185.2020536906496,1098.3547972908962
641,2019-06-06,635.7039030655219,144.2950935086434,1091.0075782483018
642,2019-06-07,632.3829106767181,168.08341155734536,1123.2519380669028
643,2019-06-08,633.6574723123827,158.69460282375005,1131.266187543936
644,2019-06-09,633.8994702166378,134.04144004333202,1119.7690468515202
645,2019-06-10,633.7013877066747,162.52797304761918,1142.6336722155752
646,2019-06-11,633.4282582312253,142.30891686396276,1131.642941378826
647,2019-06-12,632.5196959429136,144.18975118007955,1104.619510059702
648,2019-06-13,632.2443770433554,138.65848526150302,1103.2512814759461
649,2019-06-14,628.8483502858683,123.97523821266651,1103.6634312575293
650,2019-06-15,629.9044807291432,130.68617485593438,1108.0263674874366
651,2019-06-16,629.777227768252,129.68989077844859,1085.2696527797139
652,2019-06-17,629.055956296123,124.23331123526977,1123.5626424856334
653,2019-06-18,628.107077405276,126.5291767772833,1092.6469581801343
654,2019-06-19,626.3761489261918,121.51662585019675,1087.7368005893236
655,2019-06-20,625.1423019377014,101.60866937410678,1102.556187429612
656,2019-06-21,620.6663719384082,94.76458323770632,1090.4877887088383
657,2019-06-22,620.5400425137115,113.39838824852664,1112.8946031895146
658,2019-06-23,619.1502096151736,133.7581038989308,1154.6229048658183
659,2019-06-24,617.1117755644202,138.92517102128022,1090.0850531490687
660,2019-06-25,614.8191823491368,104.30967226761635,1107.0415409763286
661,2019-06-26,611.7478302132051,132.8056876268206,1115.3895910933245
662,2019-06-27,609.2077655065787,156.81845560051713,1068.071892401971
663,2019-06-28,603.4910359554638,101.50412867042628,1069.7308550591238
664,2019-06-29,602.2200417703642,99.04978801936221,1090.3910385658105
665,2019-06-30,599.8111118326456,175.23840104418827,1112.8593664199966
666,2019-07-01,596.9065352126656,90.67033547823934,1073.7688261688286
667,2019-07-02,593.9253780022278,129.35376015482095,1089.3019118469972
668,2019-07-03,590.3642508613993,70.97255765656233,1087.022627600033
669,2019-07-04,587.550428821829,99.21830809692509,1115.5472587779332
670,2019-07-05,581.7887369405056,102.94146221705637,1098.6625249219355
671,2019-07-06,580.7095430303194,85.41073262544417,1101.3921608471137
672,2019-07-07,578.7320965550621,131.29152996849396,1075.5294258247864
673,2019-07-08,576.4964504993665,106.00462698256719,1067.1966606139401
674,2019-07-09,574.414299444963,80.19800258187733,1078.9268119447127
675,2019-07-10,571.9698988324035,148.9990941185825,1053.8644763180282
676,2019-07-11,570.4734631405524,73.75930738325756,1055.9418133223135
677,2019-07-12,566.2084493200833,78.64392998511869,1075.1549280939137
678,2019-07-13,566.7800562558566,104.49056004203516,1035.5847523286473
679,2019-07-14,566.5791659787704,119.68007235050537,1038.2439012813043
680,2019-07-15,566.2149475225273,74.754462096585,1043.9562358323976
681,2019-07-16,566.0664386301714,65.6087744316044,1048.2737467526495
682,2019-07-17,565.5842506462229,51.76171322766843,1053.328938945599
683,2019-07-18,566.0447736044375,73.45098842866308,1078.798121587631
684,2019-07-19,563.6982666139635,82.22869976504508,1060.0197495387285
685,2019-07-20,566.1181431534989,109.08910336326838,1036.321199288209
686,2019-07-21,567.6656564742786,85.8248276086586,1065.974514108123
687,2019-07-22,568.9231866905574,66.09318987757696,1067.0882835466905
688,2019-07-23,570.2464271717605,56.31836203839247,1035.074216848102
689,2019-07-24,571.0666001811836,111.36900709307,1106.0908650594042
690,2019-07-25,572.6450659922034,90.18851113572927,1060.8844184046739
691,2019-07-26,571.2217007549582,73.71550328683642,1059.0255783581279
692,2019-07-27,574.3643460988706,70.64025688364728,1034.2387765681826
693,2019-07-28,576.4335324181412,91.21567363233278,1077.8417357334774
694,2019-07-29,578.0156776086058,150.7085911871774,1072.1467443436281
695,2019-07-30,579.475062478868,90.32675221923822,1074.246241598031
696,2019-07-31,580.2557196906948,73.53273340661322,1079.1998223818125
697,2019-08-01,581.6356104031643,96.97381266839778,1070.6513346413017
698,2019-08-02,579.8744769852284,65.11464547655781,1080.3987463503859
699,2019-08-03,582.5626894269141,41.72526995437142,1065.3056283085396
700,2019-08-04,584.0853051995962,66.26461054317289,1080.1820827964784
701,2019-08-05,585.0545627659592,95.49990773826795,1050.885596707125
702,2019-08-06,585.8611297201073,75.69146850445327,1073.0468508752786
703,2019-08-07,585.9752625357016,101.7943795485234,1092.5945291631008
704,2019-08-08,586.700272140087,104.33069026585505,1083.3889886943766
705,2019-08-09,584.3197026820923,85.55430436787945,1084.7746318367429
706,2019-08-10,586.445559778751,101.2284632181404,1053.1274056964974
707,2019-08-11,587.4818237650031,107.74939305255256,1097.9325251458308
708,2019-08-12,588.0564826363805,109.08881041296515,1087.1298496476845
709,2019-08-13,588.5724172673918,113.74811712363326,1075.8861431862315
710,2019-08-14,588.5083047000397,37.575111601227555,1043.894236096565
711,2019-08-15,589.1719394700073,77.90974026715868,1091.3166509209223
712,2019-08-16,586.8473828831266,51.7453448978035,1069.1228826859988
713,2019-08-17,589.1432758235119,104.07552799325323,1089.4005988047738
714,2019-08-18,590.4565467098588,93.08193619487572,1062.3763350725699
715,2019-08-19,591.4047423158776,99.62824211170864,1088.3865130096808
716,2019-08-20,592.3773042176634,50.732341144801815,1064.8094969368947
717,2019-08-21,592.8369442982888,89.9273220042159,1083.09712060197
718,2019-08-22,594.0735047376745,90.67549904761836,1075.456169313924
719,2019-08-23,592.3516961159568,85.98537401205996,1079.0708309368683
720,2019-08-24,595.2600316566225,117.96888800156226,1034.8185770487617
721,2019-08-25,597.175170909286,114.82664659430026,1076.3619625263552
722,2019-08-26,598.6948820352297,88.31618270162123,1082.0987326814925
723,2019-08-27,600.1899271990378,102.75112299118122,1104.0470226601444
724,2019-08-28,601.1060070473173,118.5452181268024,1086.5599204490509
725,2019-08-29,602.7181335540731,150.53358340286806,1095.7219418685095
726,2019-08-30,601.2788104629371,105.49461051354655,1082.480997136144
727,2019-08-31,604.3673271024726,117.08705068491119,1050.2789319421672
728,2019-09-01,606.3543690636408,65.1710433891871,1124.7120090287585
729,2019-09-02,607.8351480820467,132.0524948544355,1099.9232309425465
730,2019-09-03,609.181351106445,132.08006583656956,1123.1443335293643
731,2019-09-04,609.8430438602874,102.44974020177433,1103.24807729004
732,2019-09-05,611.1028999054568,52.65215199365987,1062.3621373092424
733,2019-09-06,609.2241393660281,118.64448539183402,1089.0977459604958
734,2019-09-07,611.7994907630492,142.64204308134978,1103.6292036706807
735,2019-09-08,613.215389714675,115.77473075340117,1074.3412489900381
736,2019-09-09,614.0846290990404,130.88132721436858,1091.9118600622548
737,2019-09-10,614.7977754059154,80.37684455871425,1144.6506786011894
738,2019-09-11,614.8245019412104,121.58856809192353,1122.7157280449883
739,2019-09-12,615.4672268564868,116.56205299527585,1082.0954102085648
740,2019-09-13,613.0084573714151,116.40556547742146,1110.9126599684762
741,2019-09-14,615.0591708913825,105.85858885246914,1089.246089924483
742,2019-09-15,616.022463531695,131.64163063417482,1127.828955037815
743,2019-09-16,616.52569643322,144.56858343821352,1107.325874192929
744,2019-09-17,616.9714689678256,127.29997404105816,1084.348186238952
745,2019-09-18,616.8385820540984,98.4110832602108,1112.6003019521115
746,2019-09-19,617.4353899486833,159.42078327954624,1115.653538727
747,2019-09-20,615.0469498291344,105.84561709504815,1126.9732860757415
748,2019-09-21,617.2833051621734,162.5140011570446,1129.3869228280428
749,2019-09-22,618.5431358711255,128.33917633846593,1099.0063980283928
750,2019-09-23,619.4460053475242,158.3184916059142,1106.8868950608014
751,2019-09-24,620.3835302519573,129.84841023083692,1135.6724964614284
752,2019-09-25,620.8206304670836,158.10416413784213,1084.203229225173
753,2019-09-26,622.0492491909565,106.91177325795022,1128.7085261040054
754,2019-09-27,620.3359418464587,107.48936182123362,1078.6676235661037
755,2019-09-28,623.2706572148356,111.051996904233,1070.7343070934728
756,2019-09-29,625.2309296481307,96.30424240170838,1129.1998809579725
757,2019-09-30,626.814697085627,149.07189658185658,1114.1112571169838
758,2019-10-01,628.3920547829216,118.41911281270953,1103.7532783762397
759,2019-10-02,629.4070858223428,154.71732668886062,1107.226490243429
760,2019-10-03,631.132142235443,131.70918114094357,1131.0346636082836
761,2019-10-04,629.8159603382893,148.6866560131877,1130.3945737882855
762,2019-10-05,633.0329186481248,178.51303871815608,1121.0175887007874
763,2019-10-06,635.1476450929101,123.37807242297319,1093.0287800366987
764,2019-10-07,636.7481768777191,161.57510062547902,1132.2426950907932
765,2019-10-08,638.197974111243,135.7919752961186,1120.0845505090808
766,2019-10-09,638.937921749873,147.47449956812397,1115.4877613634426
767,2019-10-10,640.2406897759588,133.7357943004504,1126.0812677466042
768,2019-10-11,638.3588334886535,171.68451798401622,1122.9876708113645
769,2019-10-12,640.8739442376898,170.71789692822483,1139.0867425917306
770,2019-10-13,642.1610604299549,172.0727821007902,1140.1172985675066
771,2019-10-14,642.8215487780459,161.3526359975533,1111.2079252531694
772,2019-10-15,643.2347653040614,114.9479256267994,1147.6490860287204
773,2019-10-16,642.8596411001442,152.28800741021,1138.5536034781665
774,2019-10-17,642.9885748518093,154.85571482276518,1127.5627343656465
775,2019-10-18,639.8950273769087,154.4739786498108,1185.2274833564443
776,2019-10-19,641.1821427757621,118.79762090812584,1134.3321564937744
777,2019-10-20,641.2466207638607,164.1515791107897,1162.7137110120227
778,2019-10-21,640.7110649503866,143.77413886066952,1186.052581422198
779,2019-10-22,639.9751310024678,118.6111880002127,1130.122750868764
780,2019-10-23,638.5166333517317,132.8764014753803,1146.9920033242518
781,2019-10-24,637.6450049548909,148.7679822966854,1094.4969414299876
782,2019-10-25,633.6485163785612,173.87459328404225,1120.6570417369232
783,2019-10-26,634.1425880400217,125.89934665995717,1114.0600706190323
784,2019-10-27,633.5334273932805,171.51341698961357,1158.5361929044038
785,2019-10-28,632.4502208473378,134.59904836485882,1115.2754850351762
786,2019-10-29,631.296207075456,120.35540478021825,1091.5205491217575
787,2019-10-30,629.5497907441954,154.30687768484015,1109.442592297466
788,2019-10-31,628.5180892250727,134.05746335975357,1099.2803398309368
789,2019-11-01,624.4843143829355,155.1882710807888,1101.6704539263937
790,2019-11-02,625.0563170249812,149.4654956820087,1107.8254151492797
791,2019-11-03,624.6305176952327,95.54997668548741,1079.2090049638014
792,2019-11-04,623.824443992174,77.8075801758536,1124.3330197454056
793,2019-11-05,623.0281896498592,136.5222859802017,1129.2263587126288
794,2019-11-06,621.7059433613543,111.88498958291275,1116.8991200322473
795,2019-11-07,621.1499665264411,110.30227658492916,1070.5479527741297
796,2019-11-08,617.628409742007,171.16052507907338,1091.5026715461338
797,2019-11-09,618.7342829867308,122.54572026740217,1066.404084173651
798,2019-11-10,618.8497911706125,166.0268191191076,1104.4475870980466
799,2019-11-11,618.5792439995267,139.50887834674947,1128.2804710713353
800,2019-11-12,618.3008458769127,142.81809615526092,1123.300699802492
801,2019-11-13,617.4685044460718,120.70599487062178,1072.7980905226575
802,2019-11-14,617.3660310088259,136.11706480640984,1099.487760832925
803,2019-11-15,614.255117228898,90.09488950617546,1063.314288793851
804,2019-11-16,615.7244001471367,155.43202928483842,1122.5447398823576
805,2019-11-17,616.1538261798212,156.4985718110634,1088.2472905428021
806,2019-11-18,616.14752405377,124.89435032435698,1112.4128545951635
807,2019-11-19,616.0854953378267,133.90188049592558,1110.9209699032785
808,2019-11-20,615.4252659192487,86.12314122715595,1110.998993225545
809,2019-11-21,615.4558780351344,109.77442911746004,1113.7975438054416
810,2019-11-22,612.4456150460956,124.15443649196742,1107.1532279838932
811,2019-11-23,613.9907798995953,134.0535571905732,1059.9051005938536
812,2019-11-24,614.4797477223116,106.63978817013256,1131.1715656624774
813,2019-11-25,614.5255127969492,129.32974395179943,1134.6526947020834
814,2019-11-26,614.5170490933451,148.43532179096349,1071.0852229436664
815,2019-11-27,613.9206380950608,143.87508336174312,1078.882953605158
816,2019-11-28,614.033553489716,132.77006510617034,1115.3409992034449
817,2019-11-29,611.1315041357072,108.83532194529491,1122.9557572329832
818,2019-11-30,612.8171644748284,111.02864606340371,1110.6332489763233
819,2019-12-01,613.4840198136438,121.274163591759,1097.03522641915
820,2019-12-02,613.7487522812366,146.6106442286307,1104.7541688268152
821,2019-12-03,614.0024906085023,161.77889208784708,1089.6845600680158
822,2019-12-04,613.7120797752511,119.72523278691565,1163.028790589005
823,2019-12-05,614.1737606873298,134.22793912037838,1121.1508079021894
824,2019-12-06,611.6606601941077,144.22454970540687,1108.9871429853524
825,2019-12-07,613.7714178832764,142.93993009728575,1087.6121591761591
826,2019-12-08,614.8941728308475,155.5093999432583,1114.6345747507105
827,2019-12-09,615.639130519074,155.00883005918104,1081.2278011168137
828,2019-12-10,616.3900263260363,136.4657242818486,1095.9635079577013
829,2019-12-11,616.6056339810392,175.4676191570951,1106.4532735173177
830,2019-12-12,617.573700847495,89.72956583666833,1104.554453664694
831,2019-12-13,615.5587016720362,134.34363948425332,1117.2693304318057
832,2019-12-14,618.1507284812888,142.6981256278261,1101.511963204237
833,2019-12-15,619.7297312484669,145.97030781462112,1121.6786273681732
834,2019-12-16,620.8983214612515,114.59017338874217,1129.0094551341965
835,2019-12-17,622.0334476425148,103.53810872691488,1104.4338781915576
836,2019-12-18,622.5880848231844,134.3198748437011,1119.8194687898874
837,2019-12-19,623.8453145849112,161.83886998292132,1083.797996693102
838,2019-12-20,622.0661833727283,114.34531652060244,1139.2296279184636
839,2019-12-21,624.8386542345453,118.48817898913055,1121.7188573288993
840,2019-12-22,626.5418655621237,132.1002601461541,1145.9215560013236
841,2019-12-23,627.7789094064897,178.75234671511458,1105.1501030071584
842,2019-12-24,628.9284403143985,98.01519911588653,1112.3977623833289
843,2019-12-25,629.4462599496355,123.53441704540845,1101.7474719410452
844,2019-12-26,630.6192586232476,103.75212160409757,1113.0644248581573
845,2019-12-27,628.7131070131201,104.1685544237949,1103.5910292305005
846,2019-12-28,631.3210196825946,131.72621448126569,1129.719861069071
847,2019-12-29,632.8278110686222,145.5093709246379,1123.620888783887
848,2019-12-30,633.842464003565,180.7631516114633,1101.9274214825803
849,2019-12-31,634.7495293433408,168.70154999944003,1148.1684067699798
850,2020-01-01,635.0105094649359,153.5291975763491,1133.73756192427
851,2020-01-02,635.9176138731345,147.19887609169984,1097.9725074030687
852,2020-01-03,633.7412866872477,172.73983002362218,1145.540371616296
853,2020-01-04,636.0788332631671,142.1780975354654,1106.3632065956058
854,2020-01-05,637.3183712316908,132.3659206497222,1141.4483395554746
855,2020-01-06,638.0713294383918,148.15768763415372,1070.1942612928951
856,2020-01-07,638.7238154759959,139.20417160558387,1114.7588410630892
857,2020-01-08,638.73800531816,130.53745716228468,1124.1256342849017
858,2020-01-09,639.4059426455858,143.04009815761646,1093.0839506697168
859,2020-01-10,636.9971456166461,151.27973426848683,1123.8956329819912
860,2020-01-11,639.1073450201692,160.73383307768938,1111.0289508485787
861,2020-01-12,640.1225745911831,147.64045763381912,1134.440149417966
862,2020-01-13,640.6518314473495,152.1993427167205,1163.1735357776788
863,2020-01-14,641.0786209741782,170.66760746071762,1132.9209030241361
864,2020-01-15,640.8625326895818,178.1065364451842,1122.6113741027277
865,2020-01-16,641.2932273276069,172.61363650988363,1130.2901499082357
866,2020-01-17,638.638225425114,142.9287748807316,1122.0223957374378
867,2020-01-18,640.4918140254714,163.35282008900677,1093.4483957705243
868,2020-01-19,641.239285359,131.7589204241652,1156.745665641087
869,2020-01-20,641.4897191859185,180.9671480160808,1121.4892056373717
870,2020-01-21,641.6276177335538,143.41564299337227,1102.1189623765217
871,2020-01-22,641.114535435801,174.90122328139628,1135.4371908489054
872,2020-01-23,641.243080630723,178.89369849216897,1153.0530133065145
873,2020-01-24,638.2846777781926,125.27682961537786,1133.635468153936
874,2020-01-25,639.8384065315377,128.1319099708078,1122.4583490594189
875,2020-01-26,640.2951327166363,161.52129946053378,1129.8699033801538
876,2020-01-27,640.27014555434,142.29496155473618,1149.0817247622215
877,2020-01-28,640.1546140981524,121.6588947779762,1155.793996685499
878,2020-01-29,639.4170104125711,183.72222556532427,1098.181560180188
879,2020-01-30,639.3568830839897,101.87047646382301,1157.311234633675
880,2020-01-31,636.2523769845418,136.34811886613156,1115.8446236191976
881,2020-02-01,637.7088236726769,144.15591846675824,1084.8107970631986
882,2020-02-02,638.1226259682968,144.77186887738765,1132.468214061497
883,2020-02-03,638.1136596818953,167.13084886210552,1141.8912900037667
884,2020-02-04,638.0765139874895,159.73838785321257,1138.136745725987
885,2020-02-05,637.481726071202,164.3802540478457,1120.4602630209947
886,2020-02-06,637.6294010655178,183.88784440146836,1144.1127846602994
887,2020-02-07,634.7966196599492,147.5001476652499,1140.2848662591516
888,2020-02-08,636.5859630615402,187.07656999373785,1125.9704886762556
889,2020-02-09,637.3893827524936,93.39934971586945,1131.0247508878624
890,2020-02-10,637.8206403960025,180.54676250707783,1124.9926168947948
891,2020-02-11,638.2666401016179,145.51482532066706,1083.4239446502017
892,2020-02-12,638.1888076928896,151.19027778740366,1127.2031902430028
893,2020-02-13,638.8769052799237,125.33735224096243,1129.2045640610406
894,2020-02-14,636.5966791490893,137.77106439060793,1113.2290143357202
895,2020-02-15,638.938664694315,163.26286763905495,1152.3749250029018
896,2020-02-16,640.2823684702937,140.17874270482758,1138.8565849298304
897,2020-02-17,641.2290441336218,172.64823245298052,1103.2017562414178
898,2020-02-18,642.153374921477,170.63568904412486,1118.5907147435696
899,2020-02-19,642.5052070497114,174.75041758962416,1131.4252263459277
900,2020-02-20,643.5637116762097,130.25001156826536,1106.2737028422969
901,2020-02-21,641.5853627113579,181.40825434905196,1149.9740491540765
902,2020-02-22,644.153043725906,190.41375025514722,1137.9881954318855
903,2020-02-23,645.6404941473136,171.74394955884787,1146.4719028366087
904,2020-02-24,646.64530252201,143.3079741161956,1146.049524470946
905,2020-02-25,647.540751700829,185.8846944539773,1154.477655863303
906,2020-02-26,647.7776539950512,186.8354613501795,1185.0595598664224
907,2020-02-27,648.6385492975228,135.25865642609384,1147.7212137382476
908,2020-02-28,646.3856506568474,163.3009051914141,1158.0688557308406
909,2020-02-29,648.6098497427541,173.59996785251633,1164.1865434686486
910,2020-03-01,649.6949936269738,187.94060135072064,1143.2289637457247
911,2020-03-02,650.2506439406135,148.70897819190765,1163.7950361835271
912,2020-03-03,650.6636285405419,154.968222268549,1144.6593686460765
913,2020-03-04,650.399530881381,181.91732772733644,1136.2841518203954
914,2020-03-05,650.7564989323633,169.1518652255861,1144.2103418360484
915,2020-03-06,648.0127684374503,124.01270332403547,1117.5856127607121
916,2020-03-07,649.77522445345,179.92191359525822,1167.125496069016
917,2020-03-08,650.4432249546771,151.0750608026127,1143.5183246906836
918,2020-03-09,650.6409104473785,183.60052945368972,1140.3793310338624
919,2020-03-10,650.7683227551673,189.47352653534813,1124.7124583228674
920,2020-03-11,650.302490966674,174.99215419217182,1129.132297503177
921,2020-03-12,650.5508785642866,149.79607563648756,1170.4499950261509
922,2020-03-13,647.7985977295305,149.6720350365947,1124.0060221838028
923,2020-03-14,649.6567246293263,134.1308975474819,1192.9388725759773
924,2020-03-15,650.525947703317,173.5635830460483,1139.7263107011242
925,2020-03-16,651.028779221604,155.1082456579509,1153.1227001574327
926,2020-03-17,651.5606574801011,183.9742690790721,1152.4970387358885
927,2020-06-01,666.87951787216,158.4976660483737,1084.9015865778197
928,2020-06-02,666.2450495914463,176.08779373074393,1162.3023410825185
929,2020-06-03,665.0748357021942,171.7097922767132,1154.7289323142977
930,2020-06-04,664.6601940538656,206.59610793141368,1161.619976468497
931,2020-06-05,661.2666712531657,160.58328493961216,1168.4703426581748
932,2020-06-06,662.4828459460334,181.46315432236761,1135.795138569227
933,2020-06-07,662.684563461401,196.249332180193,1155.6010471843338
934,2020-06-08,662.4678168130619,200.5424323955317,1172.0700374728056
935,2020-06-09,662.2005835811246,157.56634288351415,1144.7018130014949
936,2020-06-10,661.324758668236,175.95342091384268,1142.7192089040884
937,2020-06-11,661.1105550629072,137.70826622936877,1156.638124715435
938,2020-06-12,657.8047534085268,209.90950919246757,1178.6888861879147
939,2020-06-13,658.9801063561486,161.873880124106,1150.1198258174438
940,2020-06-14,659.0001000271154,170.3846987540943,1150.8156784266114
941,2020-06-15,658.4522721150237,130.2591371805059,1179.4157204870417
942,2020-06-16,657.7003830667508,98.57045865982411,1152.5604091588182
943,2020-06-17,656.186570019916,202.1697967319951,1149.8716599821983
944,2020-06-18,655.1858483767396,142.5558246798161,1185.8048872589902
945,2020-06-19,650.9543378448077,119.67915833884115,1148.9422142544383
946,2020-06-20,651.0785183654448,138.7370417487644,1129.6183220727696
947,2020-06-21,649.9397211423253,169.3521996931593,1144.9120757424646
948,2020-06-22,648.1470605659791,170.69799658170942,1136.6040531782255
949,2020-06-23,646.089112963099,151.77315676194263,1111.0650794671953
950,2020-06-24,643.2354843106582,157.18760540892436,1149.5740822976702
951,2020-06-25,640.8906469007906,160.84838558035173,1118.2248281341713
952,2020-06-26,635.3414391289274,124.93394565747023,1167.5741567097334
953,2020-06-27,634.205552935562,130.89269841961473,1119.5517320360493
954,2020-06-28,631.8952344707144,142.88028327590985,1116.2699443657395
955,2020-06-29,629.0494248255872,146.38750720644506,1119.2810795161329
956,2020-06-30,626.084667923948,103.75470306559868,1112.2459733074027
957,2020-07-01,622.4959484123958,124.95542085306556,1118.167144017812
958,2020-07-02,619.609859200006,158.8695402727228,1104.7709161502823
959,2020-07-03,613.7315109094233,127.46122156363153,1101.2412524592908
960,2020-07-04,612.4925237848757,111.82486464021967,1131.1415300908345
961,2020-07-05,610.3143411257655,123.17556810945416,1094.1757654744315
962,2020-07-06,607.8401017005364,117.36456582742917,1096.8688663723708
963,2020-07-07,605.4854056611568,87.8173982049227,1113.045076734125
964,2020-07-08,602.7391408368771,146.2164388418923,1105.1125485541738
965,2020-07-09,600.9167695959583,118.57331682876853,1085.5215858146141
966,2020-07-10,596.3074855590669,116.30958099472572,1117.3728683623228
967,2020-07-11,596.5225742951433,106.5058731481936,1078.945397637438
968,2020-07-12,595.9592073937604,126.76455369725319,1083.7298578680366
969,2020-07-13,595.2328946990073,128.02612461040505,1051.968543850915
970,2020-07-14,594.7289139089622,120.50901774951969,1081.4640486010633
971,2020-07-15,593.9038668760888,86.28996910225123,1063.3928655986417
972,2020-07-16,594.0397435095035,112.74461683154274,1095.4208791965093
973,2020-07-17,591.3918820576538,113.6761159685329,1100.2682027224241
974,2020-07-18,593.5381387426401,110.15099559043134,1078.7677119356536
975,2020-07-19,594.8434749032488,91.2915737166965,1073.733977921685
976,2020-07-20,595.8931656973228,119.85707621983805,1048.626272342966
977,2020-07-21,597.044929899354,110.27853861813499,1060.640922748616
978,2020-07-22,597.7311120599485,103.65819247816012,1075.9600661902734
979,2020-07-23,599.213281945841,99.92774052970688,1110.1676510128696
980,2020-07-24,597.7306265723412,105.49378450576411,1087.9309995877104
981,2020-07-25,600.8494372049552,142.26949453321905,1097.4560322791797
982,2020-07-26,602.9278920424438,100.6384332941941,1087.6242080795103
983,2020-07-27,604.5493345252369,104.29869925776659,1043.6624732407784
984,2020-07-28,606.0743461324053,114.33817180346672,1083.400445734666
985,2020-07-29,606.942747695149,96.31116301640992,1114.755831449593
986,2020-07-30,608.4279002465494,128.53881568189504,1099.072476731548
987,2020-07-31,606.7846899726311,105.60573847259143,1098.7762788957716
988,2020-08-01,609.5985117740205,135.86565515670483,1078.7309529589875
989,2020-08-02,611.2494668098823,87.28999892937921,1109.1787625858142
990,2020-08-03,612.3449907341893,155.53615487071184,1061.8536669138603
991,2020-08-04,613.2712298835913,139.2982123874379,1101.7329708809061
992,2020-08-05,613.4943189514473,134.66467652552754,1109.5502582335384
993,2020-08-06,614.3139512369972,120.91509741772369,1123.6621846239545
994,2020-08-07,612.010646107031,129.87133609333708,1101.2496103560484
995,2020-08-08,614.1940476972428,116.15773539138323,1091.4124639540837
996,2020-08-09,615.2664886507414,162.99568687197004,1127.8778260847928
997,2020-08-10,615.8550524328886,120.03275837443796,1136.469627259377
998,2020-08-11,616.3624662575301,140.08845910844462,1115.8552020827449
999,2020-08-12,616.2679904857682,153.98308040069924,1122.9334426547337
1000,2020-08-13,616.880705138183,131.03474896277868,1121.6140766945086
1001,2020-08-14,614.4866046903187,125.63501076443872,1117.7841092913902
1002,2020-08-15,616.6968385327891,145.1271271392697,1116.6180715744026
1003,2020-08-16,617.9113310008203,113.88511275677125,1108.1198464991649
1004,2020-08-17,618.7510113965732,119.65433839853064,1097.6294504499676
1005,2020-08-18,619.6089798143545,143.28165226054017,1109.2164031487248
1006,2020-08-19,619.9517654961231,108.06232073865566,1093.8498702620632
1007,2020-08-20,621.0730665980506,150.3121799090075,1109.729941159869
1008,2020-08-21,619.2413685041274,150.25551985902763,1097.7803262189238
1009,2020-08-22,622.0487621769674,116.77681298711671,1132.396754540456
1010,2020-08-23,623.8751791666729,168.74219528918064,1087.6464998255005
1011,2020-08-24,625.3212555259795,106.39116292670322,1106.6724174755943
1012,2020-08-25,626.7601318981182,141.36224493280451,1128.5424258659343
1013,2020-08-26,627.639328123027,181.72160002801482,1129.5289167021594
1014,2020-08-27,629.2350635432898,116.06594206783485,1126.713372963412
1015,2020-08-28,627.8004036283664,129.2842988043708,1124.5166299161772
1016,2020-08-29,630.9145395319591,146.4442907664919,1089.8585055802375
1017,2020-08-30,632.9474043825834,141.22361400875118,1127.296555221358
1018,2020-08-31,634.4928281385136,135.36294312744434,1137.4735798583126
1019,2020-09-01,635.9205305403054,166.74114950312304,1114.524386174401
1020,2020-09-02,636.67808565684,109.70165718730287,1128.1189458287104
1021,2020-09-03,638.0452273586573,149.15147243502852,1100.569175328168
1022,2020-09-04,636.2818775212146,152.77317008001688,1126.2241628561246
1023,2020-09-05,638.9772077339408,125.05675773434949,1080.0084697622647
1024,2020-09-06,640.5139453120778,163.50471983469998,1143.719544790477
1025,2020-09-07,641.5011350555285,181.54770925070898,1169.5315979226875
1026,2020-09-08,642.3256682232667,119.4031760493156,1101.3786152618493
1027,2020-09-09,642.4537261196924,164.45800985503527,1119.2955106449522
1028,2020-09-10,643.1845230803256,124.35709142971139,1149.35713441655
1029,2020-09-11,640.7977472141249,143.81246092107602,1143.2778777731442
1030,2020-09-12,642.90202685223,134.33371680001886,1182.3696035802282
1031,2020-09-13,643.8986507979146,157.63465006035412,1144.9961058229321
1032,2020-09-14,644.4137707484414,167.07884363771177,1124.3837631547294
1033,2020-09-15,644.8494134300809,150.35456300170236,1101.0350821916713
1034,2020-09-16,644.6844646085431,177.61719437159425,1118.1086480391689
1035,2020-09-17,645.2280228073029,142.57753831430233,1099.531618713482
1036,2020-09-18,642.7665320543017,147.20171898580307,1120.1138797979752
1037,2020-09-19,644.9120301886694,137.21774399851563,1115.9921657808038
1038,2020-09-20,646.0657467937046,182.76077322572374,1116.6398152829345
1039,2020-09-21,646.8502823345095,162.58717349907312,1129.415552819013
1040,2020-09-22,647.6606964127707,138.50962632295125,1145.3574517546776
1041,2020-09-23,647.9656648438446,167.5517050190988,1157.888838707983
1042,2020-09-24,649.061098192687,135.45191506935868,1124.1509039950927
1043,2020-09-25,647.2176233205035,168.57253240712453,1143.2023840279896
1044,2020-09-26,650.0292543717496,169.21498105288345,1137.6299719322442
1045,2020-09-27,651.8774751354983,201.03719644869406,1118.4408432095606
1046,2020-09-28,653.3639505564158,164.07791721129524,1131.2772169646705
1047,2020-09-29,654.8621802376089,175.82579028189704,1140.3105140692526
1048,2020-09-30,655.8192377405475,182.91713453190118,1163.431733775246
1049,2020-10-01,657.5099720452461,191.21417513782131,1117.2032836536691
1050,2020-10-02,656.1850565406088,220.15525450708319,1141.8118730785816
1051,2020-10-03,659.4201963409371,211.56126411986153,1178.4890488784856
1052,2020-10-04,661.5807012156797,203.92231558026026,1165.0067808406525
1053,2020-10-05,663.2546286534192,171.1348101670865,1142.3382822323197
1054,2020-10-06,664.8047984038004,118.76042992212118,1128.0850138362844
1055,2020-10-07,665.6708128690576,169.28278085763807,1131.9023821407334
1056,2020-10-08,667.1234525882131,233.52230928260036,1114.547407389209
1057,2020-10-09,665.4128275561682,144.2993104695915,1192.5894683386168
1058,2020-10-10,668.1175931459451,189.02626433789283,1137.5950028779343
1059,2020-10-11,669.6094385245915,169.70045066194535,1168.5094632396767
1060,2020-10-12,670.4860552750058,200.22046488018583,1170.5706623640242
1061,2020-10-13,671.1228932291742,178.31322827052253,1141.431063944
1062,2020-10-14,670.9748458308162,176.12327784224294,1156.4000739157927
1063,2020-10-15,671.3302442511732,167.951499206727,1134.6478710445203
1064,2020-10-16,668.458552710928,180.8769577522745,1151.394654517039
1065,2020-10-17,669.9590868651945,158.28276495038517,1173.2098639185415
1066,2020-10-18,670.2249772231686,162.09345862894756,1175.43192980482
1067,2020-10-19,669.8755999764145,163.53626549286548,1155.6801381366022
1068,2020-10-20,669.3077970622423,158.93521098771228,1181.838845854788
1069,2020-10-21,667.9970423371653,181.93409291832393,1173.0258500370524
1070,2020-10-22,667.2509469689172,184.34298127446664,1183.8716068176057
1071,2020-10-23,663.3565093263514,142.7315307688473,1152.669886568661
1072,2020-10-24,663.9284426432324,128.77278826431478,1133.312479104552
1073,2020-10-25,663.3728121332337,143.12184073362874,1127.0838156602915
1074,2020-10-26,662.3192116718752,183.09744037049816,1170.8399303877425
1075,2020-10-27,661.1718074568297,167.94311983645994,1145.0901107577304
1076,2020-10-28,659.4104088234855,156.21614614144818,1158.3543209907793
1077,2020-10-29,658.3439602831509,198.97170126366342,1116.9458075965185
1078,2020-10-30,654.2578586886405,184.08664900285856,1155.1810565451156
1079,2020-10-31,654.7624251715112,165.14804270309497,1162.1290375813958
1080,2020-11-01,654.2567577805822,177.5239717670761,1147.4303041262135
1081,2020-11-02,653.3611872741307,169.36034105241055,1158.3952640732416
1082,2020-11-03,652.4686541509996,144.0995694826842,1126.177981910202
1083,2020-11-04,651.046156407145,177.65902607477784,1133.5632550047128
1084,2020-11-05,650.3886503624074,161.11409885022536,1142.6435389268645
1085,2020-11-06,646.7667960668987,165.250327044558,1126.286030277074
1086,2020-11-07,647.7758642346589,133.22287637910551,1130.376515286956
1087,2020-11-08,647.8000180125465,189.2187469952323,1157.4201650615541
1088,2020-11-09,647.44517985667,140.5251421579271,1117.4466560037647
1089,2020-11-10,647.0907902128429,151.55959484369484,1098.3747741249301
1090,2020-11-11,646.1915972080521,163.82919153139872,1151.4486008305967
1091,2020-11-12,646.0318508112854,174.05542556839043,1098.71660889418
1092,2020-11-13,642.8732857135926,174.99767055632242,1143.1983008965897
1093,2020-11-14,644.3042044276585,172.61332304884937,1126.9503181906632
1094,2020-11-15,644.7038704054667,118.85803724817386,1109.3555270817963
1095,2020-11-16,644.6754199423698,149.44124088152645,1142.4384822882798
1096,2020-11-17,644.5976000710468,159.60691197437222,1114.4122281965292
1097,2020-11-18,643.9264741160973,168.12604811821265,1138.4148692816057
1098,2020-11-19,643.9494726753985,162.31606822656005,1159.079129475578
1099,2020-11-20,640.933180264642,156.59399400112017,1130.505720819607
1100,2020-11-21,642.4721765763029,147.6676982476734,1157.8890548296115
1101,2020-11-22,642.9531508130792,134.3707072977193,1092.4252412718456
1102,2020-11-23,642.9875074490861,183.47283670537718,1133.4420502959008
1103,2020-11-24,642.9627808208223,163.68691879510442,1092.1322059295003
1104,2020-11-25,642.3440107074405,143.95397998086997,1149.4913431056214
1105,2020-11-26,642.4274671188964,163.5650571032471,1124.7913374263765
1106,2020-11-27,639.4881246237939,147.68199061037205,1081.7560963958892
1107,2020-11-28,641.1282146035595,177.42483318570643,1146.4705592673813
1108,2020-11-29,641.7410823893676,161.19396501280153,1107.7840641019677
1109,2020-11-30,641.9435749481421,119.2886391282099,1197.3812836254006
1110,2020-12-01,642.1272824451337,148.95917248686334,1104.2359185752814
1111,2020-12-02,641.7597902231886,201.08930053009385,1202.808312101718
1112,2020-12-03,642.1383321455452,135.7079918627043,1106.6424918635066
1113,2020-12-04,639.5372466568018,147.5920316714227,1134.2574815377468
1114,2020-12-05,641.5565632659211,183.82993042654644,1151.5888225041165
1115,2020-12-06,642.5859440738636,169.71327827881325,1135.7874429757517
1116,2020-12-07,643.2372021315673,159.45221972803267,1107.7726641082543
1117,2020-12-08,643.8957146808059,168.10598150004026,1101.6806754463055
1118,2020-12-09,644.021881342401,180.1547250493827,1147.484776857924
1119,2020-12-10,644.9050107502849,119.84154378358407,1165.004136172286
1120,2020-12-11,642.8110288221701,187.47604473581973,1129.0392531846771
1121,2020-12-12,645.3313277652093,169.60065330246104,1183.9706692330187
1122,2020-12-13,646.8469716777097,149.18285847098798,1124.3965576134474
1123,2020-12-14,647.9614719007097,171.688791660402,1097.7703856128637
1124,2020-12-15,649.0524419474062,163.61019570626317,1154.6525789609623
1125,2020-12-16,649.5732745176028,141.23301546362464,1140.3682503196198
1126,2020-12-17,650.807217442287,138.03405584915993,1146.5386033245645
1127,2020-12-18,649.0152362009449,180.55008435232187,1121.5668273573992
1128,2020-12-19,651.7849778331737,138.57102804329926,1117.6336899440444
1129,2020-12-20,653.4950492198091,159.49615148035846,1159.327410954089
1130,2020-12-21,654.7478214674994,154.39802280394264,1144.2751696757682
1131,2020-12-22,655.9210702954434,189.83354546412176,1149.291785007992
1132,2020-12-23,656.4695964691297,184.7320569737135,1185.9126382195323
1133,2020-12-24,657.6792060585842,122.03424844870925,1134.3620235145158
1134,2020-12-25,655.814442374088,142.2411024348419,1214.3588764904662
1135,2020-12-26,658.4673897302739,188.19966354587683,1139.824198938051
1136,2020-12-27,660.0217682690667,138.45424221714256,1143.9535863860172
1137,2020-12-28,661.0855385332125,189.8545394324249,1150.2965897283013
1138,2020-12-29,662.0423331054074,144.02071690326244,1136.293899662394
1139,2020-12-30,662.3528669749285,177.88947102687172,1184.621274521174
1140,2020-12-31,663.3087139646414,183.32504150485727,1186.734426938978
1141,2021-01-01,661.179848306237,215.33257515872367,1160.692977523731
1142,2021-01-02,663.5632781831061,199.7530764631376,1169.740227208284
1143,2021-01-03,664.8469963469985,176.61947037489563,1175.3591453437464
1144,2021-01-04,665.6424713855575,164.21724853311832,1150.902132147329
1145,2021-01-05,666.3360006866077,190.19082145461425,1170.293632149981
1146,2021-01-06,666.3900792131333,189.010472900478,1157.4698591334318
1147,2021-01-07,667.0971725149476,210.89351390533338,1167.9739895106995
1148,2021-01-08,664.7272927641849,188.6653127436547,1157.5249732593686
1149,2021-01-09,666.8767029528383,147.51313258022316,1113.5416146443315
1150,2021-01-10,667.9319713565313,191.11246635151215,1161.8332737239182
1151,2021-01-11,668.5025956239243,221.77256975766585,1153.3849534683386
1152,2021-01-12,668.9725122501471,173.1249039874261,1166.1943506275718
1153,2021-01-13,668.801639374816,143.98985583863208,1185.9928513221635
1154,2021-01-14,669.2798344838418,194.11132027451316,1151.450198304028
1155,2021-01-15,666.6746585208936,217.09718795309573,1139.152732072095
1156,2021-01-16,668.5802640830774,176.0297834369234,1182.9188012906848
1157,2021-01-17,669.3816224208142,186.75768130494285,1155.325272739881
1158,2021-01-18,669.6873015558944,171.79448102664327,1180.638557747311
1159,2021-01-19,669.8811048197429,179.74583015939635,1147.225448923352
1160,2021-01-20,669.4237121172823,198.28339124519573,1179.8923704368844
1161,2021-01-21,669.6067008879287,192.6816073386935,1161.2788141057379
1162,2021-01-22,666.7003348625166,188.46482474131977,1151.3563547753524
1163,2021-01-23,668.3024362191045,179.8241476150917,1150.4667206732624
1164,2021-01-24,668.8025552123817,171.04254768883712,1129.4528442889
1165,2021-01-25,668.8146504153481,210.18050385186694,1136.4713619538325
1166,2021-01-26,668.7285911657731,179.15264885629756,1151.3191066833185
1167,2021-01-27,668.0116282243666,196.12964950172676,1166.9367156843807
1168,2021-01-28,667.9622146272068,179.04941407083703,1165.7238915658845
1169,2021-01-29,664.8575710048759,156.47088722166174,1125.0337215798277
1170,2021-01-30,666.3023181193716,196.70233139423547,1130.31173233044
1171,2021-01-31,666.6923985937023,158.1745158034906,1159.3161678491595
1172,2021-02-01,666.6475093739149,170.96138249295535,1143.162635951775
1173,2021-02-02,666.5623651462195,176.6281766871705,1155.726699991428
1174,2021-02-03,665.9079472923672,140.037551483014,1185.8570597259645
1175,2021-02-04,665.9851286017065,178.01495034541932,1187.7085473067102
1176,2021-02-05,663.0720756274957,168.1726474836866,1185.1037263547266
1177,2021-02-06,664.7727581690846,185.3209206768934,1177.1907724347311
1178,2021-02-07,665.4807934596929,178.22020181685122,1161.650636217393
1179,2021-02-08,665.8118508705658,189.57232986312948,1146.2481890525853
1180,2021-02-09,666.154940122752,137.99613222093348,1122.9213379594291
1181,2021-02-10,665.9737387312965,163.2157584090522,1138.4671381944268
1182,2021-02-11,666.5603483417785,171.10063860431856,1151.4389897282053
1183,2021-02-12,664.1828795666718,158.48264935509292,1160.7258439085697
1184,2021-02-13,666.4341908349497,142.94530095515913,1113.2611947056205
1185,2021-02-14,667.696003266037,169.55700469893284,1145.8231193828587
1186,2021-02-15,668.5716103494915,173.14803445758633,1157.8349901888275
1187,2021-02-16,669.4374971198307,189.352499435062,1174.0188066486937
1188,2021-02-17,669.7450152092706,178.61285480385385,1136.169136077292
1189,2021-02-18,670.7744933244011,188.56337905951827,1170.0650938848728
1190,2021-02-19,668.7831721669615,141.1781921004081,1153.3162264335062
1191,2021-02-20,671.3542785693703,183.8037933984176,1165.620714341093
1192,2021-02-21,672.8614502867665,166.51047541693362,1151.5437806364646
1193,2021-02-22,673.9017201612729,187.08493562660612,1151.0751472269465
1194,2021-02-23,674.8473651055424,167.27506048347936,1139.9432527519705
1195,2021-02-24,675.1477581707186,152.98269140809123,1143.3696350169814
1196,2021-02-25,676.0835965235312,159.6515689374132,1142.977151208161
1197,2021-02-26,673.9148892618595,153.20191076470326,1143.8518936616229
1198,2021-02-27,676.2300165676095,177.94662669690518,1172.2606197747766
1199,2021-02-28,677.4100703226786,209.97231817882235,1191.42478660986
1200,2021-03-01,678.0616856226951,186.10087688920908,1157.4440478330398
1201,2021-03-02,678.5686714097195,188.1566120216754,1152.639079200638
1202,2021-03-03,678.3935832751077,182.89076149252207,1171.300421455683
1203,2021-03-04,678.8316179522225,194.64407022956541,1173.1698546775006
1204,2021-03-05,676.1582218690937,178.98936257181356,1176.3899806880847
1205,2021-03-06,677.9777352279832,166.99435506927847,1144.0323832137108
1206,2021-03-07,678.6872929663604,189.48917168865768,1140.4747816021152
1207,2021-03-08,678.9092042130081,214.03989218454836,1169.8642736111917
1208,2021-03-09,679.0421312472473,160.7100256324492,1131.5125044923072
1209,2021-03-10,678.5622240401527,171.08233640833788,1197.1926925211578
1210,2021-03-11,678.7766027865226,173.31838913189586,1176.002258622221
1211,2021-03-12,675.9705931660844,209.6031295024324,1152.6658064007063
1212,2021-03-13,677.7560472773052,194.38580767061234,1177.6547820199075
1213,2021-03-14,678.5349818301257,203.9696643993483,1166.3983631674155
1214,2021-03-15,678.9317638795077,202.52064799220142,1156.8571462003017
1215,2021-03-16,679.3441719325048,217.71117712494163,1124.6552102181006
1216,2021-03-17,679.2444932608886,201.70323492878074,1170.1586024860678
1217,2021-03-18,679.9330523378454,186.3991998655504,1143.771276665198
1218,2021-03-19,677.6855752960669,161.16362933867572,1199.7381818008193
1219,2021-03-20,680.1017211174911,181.8258700919859,1159.021943664008
1220,2021-03-21,681.569006545017,195.8025101496634,1171.9408783506271
1221,2021-03-22,682.6953481370605,211.24886383474825,1132.8414377949157
1222,2021-03-23,683.860540337352,177.61746198934242,1175.1963950313286
1223,2021-03-24,684.5178195613553,213.86274809810007,1186.6129775266002
1224,2021-03-25,685.9478968030635,214.8596064114406,1178.583787199143
1225,2021-03-26,684.4068499969705,239.31197501384193,1212.2202329071247
1226,2021-03-27,687.4751923116328,177.7420137357795,1201.3090298820803
1227,2021-03-28,689.5223283668291,197.55116972442534,1197.4581137444438
1228,2021-03-29,691.1396067574294,193.0789135592612,1161.531058813784
1229,2021-03-30,692.692273110534,186.60208847800803,1169.4901126488644
1230,2021-03-31,693.6214598488515,202.59428223032631,1178.5371528490127
1231,2021-04-01,695.1985825593149,186.47250787607032,1156.4486954222657
1232,2021-04-02,693.6735231968624,198.81028938239874,1155.7761707794643
1233,2021-04-03,696.6239072286901,235.9268356371517,1196.7318524007705
1234,2021-04-04,698.4196798559052,217.96693468571644,1195.070078713551
1235,2021-04-05,699.6561852773061,181.4407105371216,1160.5382961118974
1236,2021-04-06,700.7060513945112,216.83824048823516,1183.3913091691386
1237,2021-04-07,701.0210169745322,208.5903501536682,1208.1976571708085
1238,2021-04-08,701.8860746880931,214.01227831578038,1189.3968639709587
1239,2021-04-09,699.5673163757518,207.74986318218828,1147.174182285473
1240,2021-04-10,701.6607962250399,246.5640825205658,1157.4319405659219
1241,2021-04-11,702.5566278088311,211.4406891309113,1201.1386769350552
1242,2021-04-12,702.8715317129543,220.10754524214292,1164.8493981206618
1243,2021-04-13,703.0001505199658,187.79385513168253,1213.4781537575107
1244,2021-04-14,702.4162837442581,239.07085002601642,1199.4128603449567
1245,2021-04-15,702.4264324940732,246.30769799504978,1220.2218104290719
1246,2021-04-16,699.317056890048,201.9387419199818,1177.0246711318218
1247,2021-04-17,700.702878449473,209.37469193867366,1220.5688912981536
1248,2021-04-18,700.9904592889916,191.26652409062504,1197.0332872825145
1249,2021-04-19,700.8102896954799,194.53075770525527,1192.0894726615197
1250,2021-04-20,700.5677141419745,228.08094610233965,1203.2115882214982
1251,2021-04-21,699.7438597511948,223.7611643300689,1203.2895448553347
1252,2021-04-22,699.6489661469669,223.93859644969325,1188.7144848540856
1253,2021-04-23,696.5695263671545,175.35232681202353,1214.5209876933052
1254,2021-04-24,698.11657496167,203.4800367677491,1169.0811570253077
1255,2021-04-25,698.6893561811235,227.6094646911733,1212.1586756283148
1256,2021-04-26,698.9076019457192,160.76704834940344,1155.770645100082
1257,2021-04-27,699.1627449294848,226.78677251932703,1208.1629628799546
1258,2021-04-28,698.9192232530945,233.57472183561947,1227.7779467773553
1259,2021-04-29,699.4682656426202,203.1968883316793,1177.5978960924479
1260,2021-04-30,697.0755543399966,227.61911432383616,1198.2837173135297
1261,2021-05-01,699.3300875326763,227.6368440156282,1164.9331425992596
1262,2021-05-02,700.6084582785644,207.12525775801709,1182.4216207180075
1263,2021-05-03,701.5077625561182,202.744257414715,1215.7021087500032
1264,2021-05-04,702.3974440625547,182.2395056993117,1169.4492151070963
1265,2021-05-05,702.7212143887132,238.37507335498648,1168.1600882281398
1266,2021-05-06,703.7514199186293,230.87771683489336,1179.3055293951588
1267,2021-05-07,701.7372360862427,186.5466741547399,1196.3891285374687
1268,2021-05-08,704.2539954391451,218.5454557926978,1197.1316237845901
1269,2021-05-09,705.6678529485441,226.21266670694376,1207.2473937967375
1270,2021-05-10,706.5689898353804,240.66177345048555,1220.105760369601
1271,2021-05-11,707.3236546904329,216.56363397083067,1177.0293506906105
1272,2021-05-12,707.3761744535396,169.12141910919607,1133.2251132614824
1273,2021-05-13,708.0033035087055,231.10836549355818,1207.694100111662
1274,2021-05-14,705.4622915147393,235.35235520201837,1190.9802098614896
1275,2021-05-15,707.339979505686,224.8385565974189,1192.6937805837524
1276,2021-05-16,708.0171338136652,247.31171447635265,1158.3723749015564
1277,2021-05-17,708.1012280703583,187.04604017577248,1194.4833003974777
1278,2021-05-18,707.9779836855355,189.7226408458374,1182.5332734581878
1279,2021-05-19,707.1128153082948,230.7735791334083,1160.4061687173892
1280,2021-05-20,706.8045654047107,212.059442989267,1172.4601118278224
1281,2021-05-21,703.3329259446803,205.66897926384468,1185.1623101227049
1282,2021-05-22,704.3068751165581,228.67451860315464,1225.193240343156
1283,2021-05-23,704.1283574998776,190.71350405535102,1176.3403809371591
1284,2021-05-24,703.424436789388,204.92473088620892,1179.5168466047044
1285,2021-05-25,702.5982497295664,213.43278752663218,1191.1663791897786
1286,2021-05-26,701.1299249256194,245.77257893593736,1169.0759572424652
1287,2021-05-27,700.3298662312121,176.06221674047322,1225.4536799256175
1288,2021-05-28,696.4858122253027,216.86889889116847,1179.9137919706752
1289,2021-05-29,697.2110107727934,175.13398814510907,1175.2047119110555
1290,2021-05-30,696.907745402388,238.20610469185345,1192.4429610601308
1291,2021-05-31,696.1994478718517,215.00536862657592,1178.4752433156941
1292,2021-06-01,695.4817276618254,212.34568009670934,1178.3051982938016
1293,2021-06-02,694.2234808727684,221.57279599388104,1199.4286326816064
1294,2021-06-03,693.7204737727246,229.38533836168077,1172.7161573451697
1295,2021-06-04,690.2428049007558,220.45437545423192,1195.8856310882754
1296,2021-06-05,691.3835741530155,180.96048505665556,1184.4781475910409
1297,2021-06-06,691.5229823369424,195.86031582387847,1177.3408665819
1298,2021-06-07,691.2610799926272,272.352598477108,1152.3591845262822
1299,2021-06-08,690.9694787525235,206.5802893068089,1211.5773100009878
1300,2021-06-09,690.0931688254973,227.8207644345317,1180.9756129447294
1301,2021-06-10,689.9048180682299,202.2360335919498,1164.3290865961717
1302,2021-06-11,686.6529364183289,159.24379185933697,1180.6159305649126
1303,2021-06-12,687.9112142029525,200.11042202336245,1173.0594094321252
1304,2021-06-13,688.0432386718884,226.02530736138334,1166.6062892977998
1305,2021-06-14,687.6357897346967,188.61751736539185,1207.3930079993454
1306,2021-06-15,687.051012176759,222.2588343423354,1170.254108474505
1307,2021-06-16,685.7285942241193,178.22186762450906,1164.8765362285199
1308,2021-06-17,684.9403168797338,139.23128117029853,1130.9233761459082
1309,2021-06-18,680.9383497629997,190.88675182860476,1167.1979882648793
1310,2021-06-19,681.3045971616042,171.4352549825148,1159.2796311253733
1311,2021-06-20,680.4152972277736,166.05366846017063,1145.4039445692404
1312,2021-06-21,678.8740773263966,201.0624428555775,1135.801512195377
1313,2021-06-22,677.0637682422139,176.36887093294794,1199.3299389767665
1314,2021-06-23,674.4481158192258,167.2279554843471,1168.9174059683253
1315,2021-06-24,672.3257662021517,200.45934925651724,1189.3691031145859
1316,2021-06-25,666.9779148923509,210.27428729685295,1178.1890485733925
1317,2021-06-26,666.0169401519358,178.70218782235185,1131.4467948305037
1318,2021-06-27,663.8502424029381,200.40012301734458,1138.1661803324916
1319,2021-06-28,661.1125127245913,194.80122990170474,1163.7318023133905
1320,2021-06-29,658.2167540853577,141.39295150727582,1161.4998772914548
1321,2021-06-30,654.6552150720584,148.4794559025809,1111.531467010912
1322,2021-07-01,651.7526331555401,194.56229546820038,1152.6289163176964
1323,2021-07-02,645.8131976803652,116.72460567059925,1131.365364487536
1324,2021-07-03,644.4685716442998,133.71554174971595,1120.930576574361
1325,2021-07-04,642.1412104921778,116.69040200954962,1132.0184862074314
1326,2021-07-05,639.4762151933385,105.2310857280356,1148.4280164856832
1327,2021-07-06,636.8920546026699,135.95733473678268,1096.998776922962
1328,2021-07-07,633.8813251139728,132.34775052730907,1097.053165066537
1329,2021-07-08,631.7639495457022,93.61892688110692,1091.9864674210423
1330,2021-07-09,626.834226865626,167.64039821737745,1127.5452235250593
1331,2021-07-10,626.7090697169978,130.10980397040655,1127.6050547740606
1332,2021-07-11,625.7916624023854,146.4639429354546,1124.2991830561953
1333,2021-07-12,624.7037677133185,106.62392093530086,1133.6784542066937
1334,2021-07-13,623.83700565518,133.9127202889922,1122.9837695620529
1335,2021-07-14,622.6542573848062,125.25056961480374,1112.6967614991047
1336,2021-07-15,622.4435792713186,111.48171159138057,1108.3999143527162
1337,2021-07-16,619.4660197869583,139.6691193193832,1162.1179495551044
1338,2021-07-17,621.3046559384106,114.28117049486652,1103.2768831624521
1339,2021-07-18,622.3290608446082,162.51352496350796,1073.8841073479653
1340,2021-07-19,623.1284095773033,131.48095956666708,1100.5241334365057
1341,2021-07-20,624.0635253999684,162.8243016533777,1112.7340019710664
1342,2021-07-21,624.5689997362626,131.51741869902378,1113.7328393817584
1343,2021-07-22,625.9077522622791,132.3780652492184,1099.2652679550201
1344,2021-07-23,624.3194072830014,162.12604108134406,1106.0645368750145
1345,2021-07-24,627.3697889711457,146.10670934157983,1076.1657252896766
1346,2021-07-25,629.4157357328002,136.94142438701996,1105.5649399649976
1347,2021-07-26,631.0384325626469,111.7822958634588,1097.2344937928508
1348,2021-07-27,632.5955585702777,169.19058461879249,1130.7240675210462
1349,2021-07-28,633.5233814741177,138.59934682891927,1134.995245747648
1350,2021-07-29,635.0911673650324,150.35204116881204,1149.5512875919112
1351,2021-07-30,633.5492871801781,142.35111724852436,1120.4781530328842
1352,2021-07-31,636.4783309528424,167.88423016168352,1125.9900193674503
1353,2021-08-01,638.2534415455066,153.88789802037752,1149.909354231509
